idcountry,isco_level_2,covered_share,runup_from_2019,runup_from_2020,runup_from_2019_vac,runup_from_2019_mix,runup_from_2019_pooled
AT,11,1,0.5742829029421761,0.7679234293839007,NA,0.1991411788354874,0.22205715776995835
AT,12,1,0.513896339510461,0.7294287419351633,NA,0.24018498575733066,0.24446408178875306
AT,13,1,0.4613777403076384,0.6932412971160735,NA,0.22615795405953154,0.2130208675503039
AT,14,1,0.5139965337255359,0.7560373967600977,NA,0.27980412273784233,0.25317490005446597
AT,21,1,0.49764947319839314,0.685593300751343,NA,0.25131113285649653,0.25205294245025983
AT,22,1,0.11009464203254635,0.29546793115785674,NA,0.16523143447989735,0.1721416170252814
AT,23,1,0.3806814220586783,0.5794557767905714,NA,0.21693450278802642,0.21847032587873527
AT,24,1,0.6078964503058916,0.7095643436481945,NA,0.2744490094861684,0.2514016893047965
AT,25,1,0.3868732110035174,0.61110937528313,NA,0.2539246348770283,0.2598746776979377
AT,26,1,0.4573687071337655,0.4041048628419545,NA,0.2034414491405045,0.2152636121063766
AT,31,1,0.5010205045570144,0.7179540181496581,NA,0.22936023783645684,0.2276955086746763
AT,32,1,0.285282537447846,0.3894412212384286,NA,0.17671523604730519,0.173028653055236
AT,33,1,0.53295088578379,0.6636799571575324,NA,0.23716937420274067,0.24331163690461108
AT,34,1,0.3486584040303451,0.35149301172384523,NA,0.18108817392118068,0.1917560116138421
AT,35,1,0.2151113796169455,0.4672424678044076,NA,0.26319105244348484,0.25033411023201657
AT,41,1,0.4742022738319396,0.6273522529847623,NA,0.22256325941174898,0.22007888890575802
AT,42,1,0.6307610642140971,0.7835727895652116,NA,0.2944877119914797,0.2562536313099383
AT,43,1,0.6047253203890157,0.8116689833430417,NA,0.2495867033190266,0.23458491600751655
AT,44,1,0.5596157879354227,0.9968295943581674,NA,0.22825865198098017,0.22342473279847286
AT,51,1,0.5492788816318974,0.5962485496517388,NA,0.2522748540656307,0.238314812334843
AT,52,1,0.4849452599336753,0.6690856242671357,NA,0.22614623718765559,0.22638151495911119
AT,53,1,0.15078821547618826,0.3396846484061884,NA,0.17371227241544906,0.168589853474218
AT,54,1,0.4560991774896657,0.6324240298071574,NA,0.22063249724339665,0.2271638342216441
AT,71,1,0.30610280532186707,0.5007170147044644,NA,0.2044797347693064,0.20087113518437769
AT,72,1,0.5422378591102625,0.7815378992105119,NA,0.22238565040286543,0.2167728606257869
AT,73,1,0.618111994617031,0.8938178760220963,NA,0.22072107126613297,0.21952040503363573
AT,74,1,0.40670017497783195,0.6262989280743584,NA,0.20634984980098592,0.21619110908262257
AT,75,1,0.5436541622262991,0.7870747408372921,NA,0.21757402003459794,0.21738428807614973
AT,81,1,0.618111994617031,0.8938178760220963,NA,0.22072107126613294,0.21652054400345797
AT,82,1,0.618111994617031,0.8938178760220963,NA,0.22072107126613294,0.21989440056919204
AT,83,1,0.5163365711862984,0.868033610484796,NA,0.22192461936362956,0.20902411239158486
AT,91,1,0.36656581825391177,0.5332008954541505,NA,0.25200219479707486,0.2330230761849543
AT,93,1,0.5136027173680837,0.7571218343705867,NA,0.214938207095132,0.2150336288425011
AT,94,1,0.42772151833559685,0.6794057827788895,NA,0.2712142019896244,0.2731603358466676
AT,96,1,0.5401219932544216,0.6697998165629543,NA,0.1823215567939548,0.22864745822534405
BE,11,1,0.32873164995842397,0.5254975389344555,0.39486637231655414,0.23325971375548835,0.22205715776995835
BE,12,1,0.379490022262894,0.5394949244739334,0.43561574423736377,0.24280851042528448,0.24446408178875306
BE,13,1,0.3217371379876954,0.44766768747449204,0.3684515099121609,0.22367324658851173,0.2130208675503039
BE,14,1,0.3709515754094,0.6034300450304746,0.36474089741059207,0.2648763868201133,0.25317490005446597
BE,21,1,0.33055959898632925,0.49030986653780717,0.4064516363210639,0.26111917437517773,0.25205294245025983
BE,22,1,0.1626637163312879,0.2154832751103641,0.26457883266481924,0.1726032171966231,0.1721416170252814
BE,23,1,0.2514895636254578,0.10521830338525828,0.2201880615856583,0.2195718618369709,0.21847032587873527
BE,24,1,0.29804263348757914,0.5378728959809738,0.3716010404302239,0.2535648386837786,0.2514016893047965
BE,25,1,0.3204690589783618,0.4971309649623989,0.4282014607011829,0.25541237881063406,0.2598746776979377
BE,26,1,0.21096648010641886,0.42659797905426566,0.3021052741430553,0.21433881273333116,0.2152636121063766
BE,31,1,0.4044748284616987,0.5167501568088717,0.4533329548397469,0.23445905569706904,0.2276955086746763
BE,32,1,0.18435833395104675,0.23481189587234583,0.28136913750883336,0.1704372550956092,0.173028653055236
BE,33,1,0.3342743661326943,0.5075975466407588,0.3925521839654796,0.23583042283152955,0.24331163690461108
BE,34,1,0.16250670115537783,0.37714544554703133,0.24612492407139575,0.1911195112926606,0.1917560116138421
BE,35,1,0.296526097248234,0.4557658465829635,0.44038274856543325,0.26319105244348484,0.25033411023201657
BE,41,1,0.31971058782817385,0.4910912970472603,0.38096656543033103,0.2217656580099676,0.22007888890575802
BE,42,1,0.3109153082937588,0.5344933217473218,0.3829007513450326,0.23334037001468838,0.2562536313099383
BE,43,1,0.4047390608521396,0.5726575224296296,0.450334776710534,0.24038517214348165,0.23458491600751655
BE,44,1,0.3091800152929895,0.658615827865231,0.44096076382782123,0.20712962927764897,0.22342473279847286
BE,51,1,0.2283695989765656,0.6650127872692049,0.2715090513753044,0.23102639941231204,0.238314812334843
BE,52,1,0.3936467916751165,0.495860416983418,0.40736275377975634,0.22149238554716283,0.22638151495911119
BE,53,1,0.16035689041779103,0.1849003009824237,0.24945109077002087,0.1735375178119565,0.168589853474218
BE,54,1,0.34538716759054333,0.4821804919545014,0.40256773978500715,0.23369522087259667,0.2271638342216441
BE,71,1,0.2736516444723569,0.4701896264825267,0.31495262048037337,0.19677409984135572,0.20087113518437769
BE,72,1,0.47545333507933135,0.5291785853192489,0.508118442256499,0.21679251934215,0.2167728606257869
BE,73,1,0.5787368293822012,0.5787368293822012,0.603988022610487,0.22072107126613294,0.21952040503363573
BE,74,1,0.32172892387027713,0.4856428395407062,0.3652879085388841,0.20711665449525518,0.21619110908262257
BE,75,1,0.518385542143504,0.5424924293367127,0.5391084338336078,0.22051539026942818,0.21738428807614973
BE,81,1,0.5363573790434519,0.5677755338494128,0.5659543117782971,0.21649024813680418,0.21652054400345797
BE,82,1,0.5787368293822012,0.5787368293822012,0.603988022610487,0.22072107126613294,0.21989440056919204
BE,83,1,0.35565918492630916,0.593642243479289,0.46510924635072354,0.21952015264096086,0.20902411239158486
BE,91,1,0.28071965808891863,0.35344803919193196,0.33683999758831823,0.2547644093546944,0.2330230761849543
BE,92,0.6703296703296703,0.3454470983819114,0.3700183591124165,0.3819080884094372,0.15355817108393394,-0.12237825031757464
BE,93,1,0.38669365534340644,0.4985658652586205,0.44326090181156436,0.21713149309942079,0.2150336288425011
BE,94,1,0.33385404766404636,0.546073335674832,0.33783989934987946,0.27047230936595146,0.2731603358466676
BE,96,1,0.3583075403444952,0.4162236955067444,0.40655216371904107,0.2043606736978401,0.22864745822534405
BG,11,1,-0.4519851237430573,-0.3708595789306889,-0.3524770220022599,0.1823215567939548,0.22205715776995835
BG,12,1,0.3503665272432749,0.3925797277293819,0.40270011053840327,0.2661594111852536,0.24446408178875306
BG,13,1,-0.031092001850704987,0.1351678572993547,-0.06334661392652753,0.2122266448813147,0.2130208675503039
BG,14,1,0.32105881716081935,0.5347843089268339,0.2625354969872308,0.24647602903060148,0.25317490005446597
BG,21,1,-0.0431888442439946,0.03664088798886867,-0.04658345667160167,0.24160483046637385,0.25205294245025983
BG,22,1,-0.047655454261197557,-0.025336105180697406,-0.05690959921371907,0.16674648852677595,0.1721416170252814
BG,23,1,0,0.15415067982725827,-0.00930239266231414,0.22314355131420974,0.21847032587873527
BG,24,1,-0.11224952931742771,-0.07170748743204133,-0.06906366995638304,0.24370497677864192,0.2514016893047965
BG,25,1,0.6131044728864089,0.7801585575495751,0.7750197149105579,0.26319105244348484,0.2598746776979377
BG,26,1,-0.014519902914961275,-0.0010062135298104487,-0.019291287053008876,0.21156048114079007,0.2152636121063766
BG,31,1,-0.059494478509227906,0.08844776637028616,-0.0877282738934116,0.2421334901105448,0.2276955086746763
BG,32,1,-0.10080469912196566,-0.0870113769896298,-0.11119730388992632,0.16126814759612235,0.173028653055236
BG,33,1,0.027735694480790152,0.07341037702383921,0.061522583277971415,0.25185963234040454,0.24331163690461108
BG,34,1,0.046520015634893,0.095310179804325,-0.0968498259899171,0.13230053187787538,0.1917560116138421
BG,35,1,0.6131044728864089,0.7801585575495751,0.7750197149105578,0.26319105244348484,0.25033411023201657
BG,41,1,-0.018108063513037113,0.07442217346189975,0.03543582175823536,0.20010154337374958,0.22007888890575802
BG,42,1,-0.0736295097818379,0.08070280859319302,-0.15006961581027708,0.26890983261890383,0.2562536313099383
BG,43,1,0.1766241047730218,0.3027577510752805,0.16987508283433556,0.21787384144649607,0.23458491600751655
BG,44,1,-0.4519851237430573,-0.3708595789306889,-0.35247702200225994,0.1823215567939548,0.22342473279847286
BG,51,1,0.011860400196320694,0.3421653987929797,-0.1558064161906315,0.2555072152004282,0.238314812334843
BG,52,1,0.45333769082834463,0.5674303910554893,0.4503197450042835,0.22172470935763852,0.22638151495911119
BG,53,1,-0.07964404327322246,-0.036387275806580556,-0.08980779359917138,0.17425686870719193,0.168589853474218
BG,54,1,-0.09828549722594464,0.025151292237862957,-0.06766209396777015,0.22827378599367468,0.2271638342216441
BG,61,1,0.24116205681688802,0.44183275227903934,0.22076291270805196,-0.19415601444095743,-0.13423809506910198
BG,62,1,0.24116205681688802,0.4418327522790393,0.22076291270805193,-0.19415601444095745,-0.1902438371621748
BG,71,1,-0.09852555426744104,0.019899571740952138,-0.11146650508655366,0.19994595675567586,0.20087113518437769
BG,72,1,0.22164234206251554,0.39645160228663273,0.1851747520524044,0.22046785708012492,0.2167728606257869
BG,73,1,0.04879016416943199,0.27193371548364176,-0.014334308745814539,0.22072107126613294,0.21952040503363573
BG,74,1,-0.08348912403547343,0.0694547836382241,-0.10789224039076589,0.25447998684248296,0.21619110908262257
BG,75,1,0.04879016416943199,0.27193371548364176,-0.014334308745814539,0.22072107126613294,0.21738428807614973
BG,81,1,0.04879016416943199,0.27193371548364176,-0.014334308745814539,0.22072107126613294,0.21652054400345797
BG,82,1,0.015394835410482961,0.21828799171400975,-0.03842850837480039,0.2163854496004873,0.21989440056919204
BG,83,1,0.038341308130079826,0.14750912613287842,0.0214859798933701,0.17098866814126615,0.20902411239158486
BG,91,1,0.11454598238518357,0.3278760252862478,0.060528223981824024,0.26643660920394086,0.2330230761849543
BG,92,1,0.241162056816888,0.44183275227903934,0.22076291270805193,-0.19415601444095743,-0.12237825031757464
BG,93,1,-0.045569806605251846,0.10267600609292649,-0.07377882375781747,0.20585079746981544,0.2150336288425011
BG,94,1,0,0.4473122180436647,-0.18862718252724697,0.30332234176825773,0.2731603358466676
BG,96,1,0.11314990333660853,0.26926508154053597,0.09338690272459449,0.18914000133936423,0.22864745822534405
CY,11,1,0.6151856390902334,0.013605652055778681,0.8568673114033549,0.1823215567939548,0.22205715776995835
CY,12,1,0.2907839126238923,0.6446996900196194,0.4312035489461632,0.27950855267223584,0.24446408178875306
CY,13,1,0.23707417261043962,0.34015066456958015,0.39413187204636996,0.2500312855172406,0.2130208675503039
CY,14,1,0.345969669936811,0.6376657044509895,0.44974546089943535,0.25006262113322475,0.25317490005446597
CY,21,0.9629629629629629,0.15304123636296724,0.22496758285955193,0.34905582993200307,0.2554705606658207,0.25205294245025983
CY,22,1,-0.11755913379542678,-0.31003351757408826,-0.10622648424311244,0.165793984571499,0.1721416170252814
CY,23,1,0.3184537311185347,0.20067069546215133,0.5240708505160114,0.22314355131420974,0.21847032587873527
CY,24,1,0.3850280488648592,0.5622912236953962,0.5496662227070923,0.2754989155160708,0.2514016893047965
CY,25,1,0.3622441088434677,0.31239287406928773,0.579765851510289,0.26983182964974145,0.2598746776979377
CY,26,1,0.3274812784374951,0.4806759551004227,0.5014989877997431,0.25768517664506785,0.2152636121063766
CY,31,1,0.1833418336909818,0.18878360383198664,0.3822986357379288,0.2188702043998371,0.2276955086746763
CY,32,1,-0.057032679285169335,-0.058245524754124686,-0.020949376202622296,0.18294452468871572,0.173028653055236
CY,33,1,0.3369197584484001,0.5430347705146326,0.48359768700518907,0.2638838500260783,0.24331163690461108
CY,34,1,0.09277842478849405,0.6291493473193047,0.23363607730590535,0.19241369023522265,0.1917560116138421
CY,35,1,0.3746934494414107,0.2231435513142097,0.629509154755624,0.26319105244348484,0.25033411023201657
CY,41,1,0.26394149283734925,0.4043655571897102,0.4325980480992546,0.23503520667063815,0.22007888890575802
CY,42,1,0.28317074723937374,0.61005293776012,0.4224452875081081,0.2526570119294332,0.2562536313099383
CY,43,1,0.2917623190702117,0.5569351623313479,0.42712146556670866,0.25134180090953134,0.23458491600751655
CY,44,1,1.16141318990714,1.6094379124341003,1.2942378110884265,0.22825865198098017,0.22342473279847286
CY,51,1,0.48247313588761914,0.7493423609368981,0.608617992853516,0.24318708163068276,0.238314812334843
CY,52,1,0.11857740764600645,0.4990068041483791,0.2118407861537984,0.22546143460173448,0.22638151495911119
CY,53,1,0.18175623210993608,-0.10971311763602726,0.3036535337470841,0.18488358691902834,0.168589853474218
CY,54,0.9120879120879121,0.5170169550822303,0.24461375046169098,0.7642806965304916,0.17736072233371364,0.2271638342216441
CY,71,1,-0.4196905528869906,-0.4732148608740495,-0.20459165092806153,0.1993319771324083,0.20087113518437769
CY,72,1,0.07446676091561019,0.3079218541687844,0.18514212768469315,0.21759626980995425,0.2167728606257869
CY,73,1,-0.049596941139372186,0.017094433359300165,0.07277749668212419,0.22072107126613294,0.21952040503363573
CY,74,0.9012345679012346,-0.28110685682294134,-0.21956450409670233,-0.08076438322885288,0.21312058788669364,0.21619110908262257
CY,75,1,0.0010096142987117093,0.2094492623124123,0.11002121262879871,0.22046864458835894,0.21738428807614973
CY,81,1,-0.049596941139372186,0.017094433359300165,0.07277749668212419,0.22072107126613294,0.21652054400345797
CY,83,1,0.39700463879713527,0.6813020506349873,0.5288617727810068,0.22146783917289597,0.20902411239158486
CY,91,1,0.11984848277537746,0.5705229107239266,0.2585049017500876,0.19390703184938907,0.2330230761849543
CY,93,1,-0.12037586492394957,-0.014515993100940438,0.03822030513158907,0.2112890980906739,0.2150336288425011
CY,94,1,0.8292793548845252,0.9049911766202217,0.9580614958878719,0.30332234176825773,0.2731603358466676
CY,96,1,0.5834015741872898,0.6656507363157999,0.7469570509325499,0.23441125294458787,0.22864745822534405
CZ,11,1,-0.27776815794688153,-0.11778870560349507,-0.29271401141846737,0.2309036020342569,0.22205715776995835
CZ,12,1,-0.25844217169909267,-0.10313963305992827,-0.27218077344784825,0.22889339400585312,0.24446408178875306
CZ,13,1,-0.214826317729496,-0.04280469652649358,-0.22159635300462788,0.20845921894851108,0.2130208675503039
CZ,14,1,-0.26037056446356127,-0.11543314793628366,-0.3016262309128196,0.25062188135735547,0.25317490005446597
CZ,21,1,-0.3551241382114441,-0.17244102084549554,-0.36487639040226216,0.24257129534090832,0.25205294245025983
CZ,22,1,-0.35143175733609455,0.01204634235708549,-0.3143095702329483,0.17208457315738446,0.1721416170252814
CZ,23,1,-0.38581265774792173,-0.2627639544276094,-0.2778098014273727,0.22079038087473554,0.21847032587873527
CZ,24,1,-0.3324305490038172,-0.13619310548227465,-0.32674528807087744,0.26182925990989625,0.2514016893047965
CZ,25,1,-0.07187132575617976,-0.011898917748286848,-5.08067237932464e-4,0.25569476309444794,0.2598746776979377
CZ,26,1,-0.397704988153595,-0.193926048357659,-0.3854547157831263,0.23497192261994926,0.2152636121063766
CZ,31,1,-0.19949510895234773,-0.03753594373464365,-0.23059090435693388,0.21320935800565008,0.2276955086746763
CZ,32,1,-0.3252031283101757,0.025256641282432886,-0.29828252154983254,0.17086745271747425,0.173028653055236
CZ,33,1,-0.3037902430240793,-0.1109342528258849,-0.3081344546060174,0.23377361671108057,0.24331163690461108
CZ,34,1,-0.3596320299312956,-0.14850407114085204,-0.36539545331806744,0.2128983509423316,0.1917560116138421
CZ,35,1,-0.09098416435189494,-0.006190444079001902,-0.04285982106824576,0.24621580061379228,0.25033411023201657
CZ,41,1,-0.28656846176366846,-0.11279505955239061,-0.3014056901704482,0.222877939024638,0.22007888890575802
CZ,42,1,-0.20142013653259064,-0.06736136938263929,-0.25276296990190145,0.2545701473937589,0.2562536313099383
CZ,43,1,-0.20865495894360328,-0.059119971888975026,-0.24051681884485918,0.22486267975831908,0.23458491600751655
CZ,44,1,-0.11445092950035574,0.006079615912118066,-0.16462015241513112,0.2012101706344267,0.22342473279847286
CZ,51,1,-0.20411785205118976,-0.07351588556188564,-0.25474917256657276,0.22544892424574944,0.238314812334843
CZ,52,1,-0.2559111875046703,-0.09771128536418444,-0.2567963162428878,0.22187527066861268,0.22638151495911119
CZ,53,1,-0.3078183139200747,-0.03830549243805455,-0.27902676487311096,0.16836912382584027,0.168589853474218
CZ,54,1,-0.28910332339566547,-0.12861470808987843,-0.34005531784921056,0.21489371630629855,0.2271638342216441
CZ,61,1,-0.24030643554945874,-0.3114570582539645,-0.364348396637322,-0.11450577744893264,-0.13423809506910198
CZ,62,1,-0.2297636564038159,-0.34330178772687425,-0.3491292746500765,-0.19415601444095743,-0.1902438371621748
CZ,71,1,-0.2906033074304596,-0.17644405909764121,-0.2622701148499977,0.20161309402370914,0.20087113518437769
CZ,72,1,-0.11036559162805078,0.06746921058457174,-0.1668442368250538,0.20929836637682991,0.2167728606257869
CZ,73,1,-0.06995619531363888,0.11759444930431573,-0.12812718929829053,0.21928698487463485,0.21952040503363573
CZ,74,1,-0.17258637657162984,-0.044650580988902816,-0.18130297044908514,0.22192759707211282,0.21619110908262257
CZ,75,1,-0.11271833072072576,0.08671739272952508,-0.16780107056067015,0.21676427732025863,0.21738428807614973
CZ,81,1,-0.1084621149295354,0.09659974770818137,-0.1754895706178314,0.22194640060614654,0.21652054400345797
CZ,82,1,-0.08092278795851211,0.12277137034472216,-0.14611113728620306,0.2194818502782392,0.21989440056919204
CZ,83,1,-0.0788406811883745,0.024032489691275784,-0.14421950926712715,0.19173160494074304,0.20902411239158486
CZ,91,1,-0.29069774943024906,-0.12822790412598675,-0.33574147154277006,0.23285844734253933,0.2330230761849543
CZ,92,1,-0.2527460154784364,-0.3306441109398101,-0.3925005852065911,-0.09839210760787258,-0.12237825031757464
CZ,93,1,-0.12185669376469405,0.0663057577945709,-0.16866119049381442,0.217383365678984,0.2150336288425011
CZ,94,1,-0.18231791704859815,-0.0623809754070661,-0.24028548112968545,0.23619315326247722,0.2731603358466676
CZ,96,1,-0.15918001164987972,0.01588399698091188,-0.1843597914078472,0.23846998190707547,0.22864745822534405
DE,11,1,0.3093182375272838,0.634822789394934,0.3044879289916042,0.23155849822648825,0.22205715776995835
DE,12,1,0.3260388720382527,0.6627839558328112,0.3194501169247166,0.22989350132741268,0.24446408178875306
DE,13,1,0.32376813102020646,0.580646390801913,0.3407799576401563,0.21588212518440442,0.2130208675503039
DE,14,1,0.471935059636857,0.9038662052049423,0.37311326617670804,0.27862341288892956,0.25317490005446597
DE,21,1,0.3329162521976549,0.6764428557391332,0.33756328190908,0.247759251726185,0.25205294245025983
DE,22,1,0.373632223494108,0.4358431964678382,0.4618517625234717,0.17279740816966432,0.1721416170252814
DE,23,1,0.34372290245811704,0.4794347293042951,0.3969545431439258,0.21453170108690656,0.21847032587873527
DE,24,1,0.30510136904657476,0.57243469635566,0.32058034977671557,0.24739699283842292,0.2514016893047965
DE,25,1,0.3094449634141406,0.5648788237350854,0.34259998537918274,0.25674465078664693,0.2598746776979377
DE,26,1,0.35508182854656134,0.5749293003904274,0.4142617708322492,0.19875153457834843,0.2152636121063766
DE,31,1,0.33463904691607277,0.6811858095383273,0.3307461814470561,0.22657899985923527,0.2276955086746763
DE,32,1,0.3766686623598654,0.4529172871136513,0.46238592731133166,0.16950461156857233,0.173028653055236
DE,33,1,0.2941265917038556,0.5119618013618205,0.3119722563837614,0.24293875146730123,0.24331163690461108
DE,34,1,0.3598528467950103,0.5745012847541914,0.4206978494190068,0.18083329490860378,0.1917560116138421
DE,35,1,0.31583844542576606,0.6070105467858414,0.3429594403843853,0.24748729872623704,0.25033411023201657
DE,41,1,0.2969868769974623,0.5335307005790854,0.3226753219835407,0.21966388501593873,0.22007888890575802
DE,42,1,0.2622108741551387,0.2806107205101754,0.2716527823650144,0.303887550782485,0.2562536313099383
DE,43,1,0.28772571671631936,0.6435353126297237,0.26840222602096436,0.23364455134391063,0.23458491600751655
DE,44,1,0.21566038119546999,0.6156447666426131,0.1920855681906954,0.23752429127127372,0.22342473279847286
DE,51,1,0.42860698309694095,0.8433063968405767,0.3991620259152703,0.2353460183273196,0.238314812334843
DE,52,1,0.2905750377894406,0.5605615563190081,0.25721622632434804,0.22136405097619613,0.22638151495911119
DE,53,1,0.3855351700885011,0.4587078950856828,0.4734720722655857,0.17276354819546733,0.168589853474218
DE,54,1,0.22460916849106363,0.4559234491132725,0.27120617034761146,0.2095503665378387,0.2271638342216441
DE,61,1,0.17760298958983287,0.4391857032020413,0.12024389209080592,0.020589077903890564,-0.13423809506910198
DE,71,1,0.27044154461759923,0.41279245975922213,0.27711136718305246,0.20133398629840926,0.20087113518437769
DE,72,1,0.3660096091137353,0.798175394146329,0.3369459921970746,0.21731579561416944,0.2167728606257869
DE,73,1,0.4054651081081643,0.9044562742271522,0.3699730949254203,0.22072107126613294,0.21952040503363573
DE,74,1,0.3555608466245164,0.6600155775034237,0.3542565733855516,0.2187733196811185,0.21619110908262257
DE,75,1,0.36460242136156146,0.7449280452328334,0.3461542674576728,0.20835330386487427,0.21738428807614973
DE,81,1,0.3922842888611822,0.8566687982568849,0.3620683522620362,0.21550150200604437,0.21652054400345797
DE,82,1,0.38776743194904495,0.8364906022183802,0.3582889091753408,0.21752269069727106,0.21989440056919204
DE,83,1,0.2102220369733019,0.5837832674509935,0.18970324920489534,0.22189759838008546,0.20902411239158486
DE,91,1,0.2586402818965788,0.6663256467681259,0.2579033606529155,0.25801790307228645,0.2330230761849543
DE,92,1,0.18306627643940288,0.4135657520000599,0.11146963616565689,-0.0394050495225933,-0.12237825031757464
DE,93,1,0.29347009349884234,0.6336839682249832,0.27394097268143236,0.2178941470657576,0.2150336288425011
DE,94,1,0.4932008358738361,0.8589264130468011,0.44571839910936706,0.2516237675214829,0.2731603358466676
DE,96,1,0.28010024779080256,0.6189463916373081,0.30863500656974663,0.22053354677293277,0.22864745822534405
DK,11,1,0.5861750610077773,0.5298221244566457,0.6781687899053228,0.3176494368130295,0.22205715776995835
DK,12,0.6153846153846154,0.4972434649515302,0.7193134006643656,0.5801475403359513,0.21234822244478538,0.24446408178875306
DK,14,1,0.700531402864473,0.8579546853675051,0.7587990277295114,0.24121012227767352,0.25317490005446597
DK,21,0.8972286374133949,0.5755761607461811,0.6251564824205261,0.6620329588659934,0.26127291066131225,0.25205294245025983
DK,24,0.6639717028802425,0.5539710492332969,0.6425133131559534,0.6305391531109095,0.24556724566457044,0.2514016893047965
DK,25,0.9170560747663551,0.3544997877053207,0.6582528210298711,0.4642893592793961,0.2555886417096456,0.2598746776979377
DK,31,0.9427934621099554,0.5444374112935518,0.6330007466512343,0.6345464073042505,0.23362516650825357,0.2276955086746763
DK,33,0.782016348773842,0.5701646621488835,0.6720665774293059,0.6401286664399055,0.2400540123121525,0.24331163690461108
DK,35,0.7848970251716247,0.33321259656021324,0.6591466349896296,0.4475327142599081,0.23985983200196268,0.25033411023201657
DK,42,0.696551724137931,0.7117084836813933,0.8109716427355844,0.7872838689698385,0.24791628686120876,0.2562536313099383
DK,43,0.9382978723404255,0.6002296315539328,0.7175043368443769,0.657303227707375,0.2402936740726235,0.23458491600751655
DK,44,0.8299319727891157,0.6243130982432572,0.7612374754954591,0.65706473521732,0.22347836937299806,0.22342473279847286
DK,51,0.6238532110091743,0.9032559895508031,1.0273003812355281,0.9874343388355737,0.24612343120937175,0.238314812334843
DK,52,0.9817204301075269,0.6015149905655378,0.7553860381962519,0.6534080212161687,0.22268149713171698,0.22638151495911119
DK,71,1,0.3389706617082271,0.40072913810464816,0.46687850292520267,0.19579640501677503,0.20087113518437769
DK,72,1,0.596727587960291,0.7310578352866773,0.6651749168584056,0.2193280351309439,0.2167728606257869
DK,73,1,0.6312717768418579,0.7591051483517427,0.7069624567915298,0.22072107126613294,0.21952040503363573
DK,74,1,0.37497153933831756,0.4448680422089564,0.4964481234178872,0.19886621834678492,0.21619110908262257
DK,75,1,0.6062277083902224,0.7455869083602709,0.6702759895041742,0.2204508334602435,0.21738428807614973
DK,81,1,0.6312717768418579,0.7591051483517427,0.7069624567915298,0.22072107126613294,0.21652054400345797
DK,82,1,0.6312717768418579,0.7591051483517427,0.7069624567915298,0.22072107126613297,0.21989440056919204
DK,83,0.9596678529062871,0.605723269547523,0.7406397794203969,0.6260919406006428,0.20979814771038144,0.20902411239158486
DK,91,0.6329866270430906,0.640569370137483,0.7424496362127215,0.7601733882922501,0.25163147120404245,0.2330230761849543
DK,93,0.981340118744699,0.5499994273980169,0.6756772682596466,0.6200463439751339,0.21803306316882812,0.2150336288425011
DK,94,0.6631944444444444,1.0112970060845297,1.1767634990532259,1.0920785782466986,0.2518846583857476,0.2731603358466676
DK,96,0.7692307692307693,0.4415614841737864,0.6278651321557733,0.5038553998120022,0.225981640868923,0.22864745822534405
EE,12,1,-0.18232155679395465,0.37267528528517363,-0.05788377428520786,0.3176494368130295,0.24446408178875306
EE,13,1,0.07001473727692294,0.45165397882412867,0.1262870442889787,0.2294413962635052,0.2130208675503039
EE,14,1,0.08382400058045639,0.7231872485583991,0.11937892018270511,0.22446358199151306,0.25317490005446597
EE,21,1,-0.0033931516066749807,0.32069605561843467,0.05941401658823127,0.24628154395620547,0.25205294245025983
EE,22,1,0.18429975450392264,0.3110060575241417,0.2039950461040366,0.16654829073406177,0.1721416170252814
EE,23,1,0.36811974087262284,0.25247643354613863,0.4407636945370483,0.2203207456255101,0.21847032587873527
EE,24,1,0.0536677574407774,0.3751917584614078,0.09042271199703329,0.2470296829908255,0.2514016893047965
EE,25,1,-0.014832536743133997,0.42243727754228505,0.09938867980038277,0.26138833114624616,0.2598746776979377
EE,26,1,0.06266529948966225,0.22343148015762512,0.15233621777197964,0.21672676550325476,0.2152636121063766
EE,31,1,0.020881592841954986,0.535783379171563,0.016247607340844447,0.2259132811838987,0.2276955086746763
EE,32,1,0.21025438558060258,0.23739816453233764,0.2286325961124048,0.15583671964895104,0.173028653055236
EE,33,1,0.06684178013136272,0.42229939992276755,0.1141166486863118,0.23057620964149922,0.24331163690461108
EE,34,1,0.24480292089868128,0.15036558378307316,0.2871361740946928,0.1700969303391151,0.1917560116138421
EE,35,1,-0.08515780834030684,0.47445797959511593,0.1006567793852211,0.26319105244348484,0.25033411023201657
EE,42,1,0.16729872270714552,0.44459818489106606,0.13540318161575327,0.23293999181335368,0.2562536313099383
EE,43,1,-0.045541734087060165,0.5594925884512318,0.020558049262592012,0.2272961369487363,0.23458491600751655
EE,44,1,-0.33314444652853825,0.5831462853456167,-0.17763371526634764,0.22825865198098014,0.22342473279847286
EE,51,1,0.006202389737997069,0.44906088237947844,0.036139377587361445,0.22841479662636582,0.238314812334843
EE,52,1,0.10637400302298605,0.7996506607303657,0.14657954143112525,0.22444113907691712,0.22638151495911119
EE,53,1,0.25552063449471485,0.26020939026089174,0.29365842562517885,0.18373481204138026,0.168589853474218
EE,54,1,0.004637610402978769,0.07682213200435363,0.04523325357077831,0.2281556027111913,0.2271638342216441
EE,61,1,-0.7827593392496326,-0.523248143764548,NA,-0.19415601444095743,-0.13423809506910198
EE,62,1,-0.7827593392496326,-0.523248143764548,NA,-0.19415601444095743,-0.1902438371621748
EE,71,1,0.04961066751840853,0.8747295716992959,NA,0.19648930368621348,0.20087113518437769
EE,72,1,0.06443595155274998,0.47227161338307866,0.08184800527557967,0.21967365702181665,0.2167728606257869
EE,73,1,0.07232066157962619,0.2646925542270821,0.06407419998784292,0.22072107126613294,0.21952040503363573
EE,74,1,0.0544871080421356,0.7437383779122729,NA,0.20169250951135492,0.21619110908262257
EE,75,1,0.07232066157962619,0.2646925542270821,0.06407419998784292,0.22072107126613294,0.21738428807614973
EE,81,1,0.07232066157962619,0.2646925542270821,0.06407419998784292,0.22072107126613297,0.21652054400345797
EE,82,1,0.07232066157962619,0.2646925542270821,0.06407419998784292,0.22072107126613294,0.21989440056919204
EE,83,1,-0.2612949401174849,0.5002535571251994,-0.12203054668110284,0.18503176085974024,0.20902411239158486
EE,91,1,0.022914560472861428,0.3900770425910149,0.046557079955159515,0.268014109350508,0.2330230761849543
EE,92,1,-0.7827593392496326,-0.523248143764548,NA,-0.19415601444095743,-0.12237825031757464
EE,93,1,0.08038225022600014,0.5209421199193307,0.09463711477805153,0.21550715344680388,0.2150336288425011
EE,94,1,-0.2513144282809061,0.713766467762681,-0.23561637843777472,0.30332234176825773,0.2731603358466676
EE,96,1,0.07398341446686645,0.2334241801032131,0.1320062457902486,0.23922783525739838,0.22864745822534405
EL,12,1,-0.13353139262452252,-0.13353139262452252,-0.27808758105802056,0.2201040282760187,0.24446408178875306
EL,14,1,0.7330664534504945,-0.13353139262452252,0.8374808658188707,0.29197438992840696,0.25317490005446597
EL,21,0.9561621174524401,-0.30739062271223333,0.11553400063494126,-0.005019599703011246,0.2742372814256999,0.25205294245025983
EL,22,0.9767827529021559,0.39676893604818875,0.3251970751969225,0.21284679969298087,0.16878670848241328,0.1721416170252814
EL,24,0.8598774885145483,-0.2768072218241417,0.03526928853043029,-0.010467168238045478,0.26517202908016463,0.2514016893047965
EL,25,1,0.300104592450338,0.9932517730102833,0.26879463134048187,0.26319105244348484,0.2598746776979377
EL,26,0.9421487603305785,-0.2116694550250639,0.24323169180178972,0.01894240663109041,0.24389331197653988,0.2152636121063766
EL,31,0.7982456140350878,-0.19734450356641337,-0.13666070386999188,0.08086942182098243,0.24544778551826846,0.2276955086746763
EL,32,1,0.28755870802564176,0.23363519969820679,0.17866751712775727,0.1805668173532298,0.173028653055236
EL,33,0.7344013490725126,-0.14865465760915508,0.0808298504176174,0.11443101812615286,0.2569782427910475,0.24331163690461108
EL,34,0.8436578171091446,-0.2834051933036958,0.15969184435081174,-0.059873230732998585,0.20085451545764876,0.1917560116138421
EL,35,1,0.300104592450338,0.9932517730102834,0.26879463134048187,0.26319105244348484,0.25033411023201657
EL,41,0.8113207547169812,-0.17411613365733433,0.03498945432142803,-0.0659584715554906,0.22077954002680408,0.22007888890575802
EL,42,0.8358458961474037,0.4077953711926019,0.34628261864938886,0.5100243196209848,0.27159396974635797,0.2562536313099383
EL,43,0.8276553106212425,-0.0918230399645627,-0.23075329162540437,-0.09544481022357024,0.22166895048914778,0.23458491600751655
EL,44,1,-0.02241942744442061,0.2180234621720949,-0.06481154688399872,0.1723998352179648,0.22342473279847286
EL,51,0.9787234042553191,0.5817482059206777,0.05885049969390781,0.6883404374438596,0.2618039329136263,0.238314812334843
EL,52,0.9871543653385587,-0.0564852149667956,-0.1207417587810676,-0.15408777106904697,0.2260527754685597,0.22638151495911119
EL,53,1,0.15978134986940104,0.22178278166779958,0.03609926879638876,0.16705215979121074,0.168589853474218
EL,54,0.9562433297758804,-0.13978738670416704,0.013193916121499435,-0.06211193820895836,0.21157571956129717,0.2271638342216441
EL,72,0.9489274770173647,-0.08034881429182787,-0.08034881429182782,0.09995059312026307,0.219023125403914,0.2167728606257869
EL,73,1,0,1.1102230246251565e-16,0.2659737843831307,0.22072107126613297,0.21952040503363573
EL,74,0.5947712418300654,-0.16293543216257167,0.18337988148531403,0.9747281626583857,0.2094509494556688,0.21619110908262257
EL,75,1,-0.027907867253891497,-0.02790786725389141,0.15226574864506712,0.22059211017676217,0.21738428807614973
EL,81,1,0,1.1102230246251565e-16,0.2659737843831307,0.2207210712661329,0.21652054400345797
EL,91,0.8611738148984198,0.3601728482651494,0.13188073486555896,0.3955925866649767,0.23245711844806027,0.2330230761849543
EL,93,0.8115501519756839,-0.03775887694064214,-0.1032399141649914,0.4653337634423015,0.21788019119276586,0.2150336288425011
EL,94,1,0.8698976923044446,NA,1.0136232521678537,0.30332234176825773,0.2731603358466676
EL,96,1,-0.6437570215309866,-0.30800053306131486,-0.5713831272361083,0.22736534266264816,0.22864745822534405
ES,11,1,0.24842929024070315,0.4092290388880558,0.3370566081390322,0.21516253366139904,0.22205715776995835
ES,12,1,0.22524086066934312,0.6110547571336906,0.2692757883677628,0.2511207643908078,0.24446408178875306
ES,13,0.940809968847352,0.19028890614833427,0.5425924855332449,0.22863056223138062,0.20806246789041488,0.2130208675503039
ES,14,1,0.1752582143708086,0.6993564199615004,0.18065980957134986,0.24689237850741916,0.25317490005446597
ES,21,0.9876933311159155,0.221127078765499,0.4661444690299948,0.3056559313499135,0.25544913937383057,0.25205294245025983
ES,22,1,0.29782756645010666,0.3495742091331909,0.379191423348026,0.17350138965650722,0.1721416170252814
ES,23,1,-0.25236342712113385,-0.16932443794605825,-0.20001077315900231,0.22000017399202454,0.21847032587873527
ES,24,1,0.2740083779961826,0.5202744974522273,0.3548754610504935,0.2519868101082971,0.2514016893047965
ES,25,1,0.20880873647329504,0.7126415679660063,0.3523233736827081,0.26202151514468697,0.2598746776979377
ES,26,1,0.24361104464143202,0.4215874675493649,0.3393714806018548,0.2328012756264396,0.2152636121063766
ES,31,0.9804629433000637,0.1915872694237451,0.42483366152061713,0.24620963032375906,0.22473696657982817,0.2276955086746763
ES,32,1,0.26315642409818524,0.4510082782615401,0.33111427581520675,0.1948633053599991,0.173028653055236
ES,33,0.9956119876762207,0.26465131950232323,0.6464975384418189,0.30200629671786666,0.24807719976516812,0.24331163690461108
ES,34,1,0.11319110044047803,0.2829597308568328,0.1564449055477867,0.1953808947677995,0.1917560116138421
ES,35,1,0.19627541297886206,0.6848659316698474,0.3282134474663094,0.2560560359514555,0.25033411023201657
ES,41,0.99201188928107,0.24433306472255134,0.5174775506092649,0.31196908990115313,0.22701395787088388,0.22007888890575802
ES,42,0.9955156950672646,0.2258430053685352,0.4759537085369133,0.2767288200103377,0.23943984720797035,0.2562536313099383
ES,43,0.9900820141140568,0.26242274241852254,0.6935897389425983,0.2935357481217513,0.24196321799365114,0.23458491600751655
ES,44,1,0.33272408193072484,0.8845177472820661,0.41867697615875243,0.21632533973652412,0.22342473279847286
ES,51,0.99422511549769,0.08811078371350915,0.5510261788929793,0.06720039287687492,0.23273959742067923,0.238314812334843
ES,52,0.9974546935451029,0.1930547458315304,0.8814694849220581,0.19058035393021888,0.2403921234567294,0.22638151495911119
ES,53,1,0.23903149277812574,0.2916747329775353,0.3068777165510316,0.1694509511805512,0.168589853474218
ES,54,0.9712845243314335,0.30415665329675917,0.2855366216043137,0.4064010108682652,0.2157166938474716,0.2271638342216441
ES,71,1,0.09693118637904347,0.3634269043202621,0.13634393265562061,0.20600221849446887,0.20087113518437769
ES,72,1,0.1749205080882387,0.5739546940697238,0.19716906158354494,0.21886577409029978,0.2167728606257869
ES,73,1,0.16594196830701355,0.4736072815012305,0.18575454507569839,0.21940974695511206,0.21952040503363573
ES,74,1,0.12106988460928066,0.4034546482223881,0.1671103728393035,0.21554935862633234,0.21619110908262257
ES,75,0.9885735348322889,0.15887578002782654,0.49218298892171713,0.17401825304954105,0.21573197954455922,0.21738428807614973
ES,81,0.975844277673546,0.1534531253396465,0.42938659744517554,0.170330400125069,0.21417403677991947,0.21652054400345797
ES,82,1,0.14527387400012692,0.4525540325201428,0.1630849285259132,0.21930317247652767,0.21989440056919204
ES,83,0.9498858787337501,0.3000449762157675,0.8391264579237815,0.3697773458704705,0.20788078574550212,0.20902411239158486
ES,91,0.9961318681318682,0.1508424355750686,0.27551764192926825,0.17809819733347657,0.23384241232485628,0.2330230761849543
ES,93,0.9828588030214991,0.20660734531353472,0.6934114125974179,0.2468157125298452,0.2104830166515497,0.2150336288425011
ES,94,1,0.14101261101364515,0.7739137187702966,0.10329177470768534,0.2810756116369025,0.2731603358466676
ES,95,1,0.27196206190799577,0.7626461406390089,0.3293584898888408,0.26212358887657716,0.2228967393588779
ES,96,1,0.23677192274041067,0.30228378567880665,0.30726712679426615,0.23607196363218824,0.22864745822534405
FI,12,1,0.2737105194650759,0.4621856437594388,0.4104083911006812,0.2688092817282679,0.24446408178875306
FI,13,1,0.19574457712609528,0.19574457712609528,0.08261963715375131,0.22314355131420974,0.2130208675503039
FI,14,1,-0.011504639544406184,0.21140797192635663,0.05398820219707621,0.2665542228174524,0.25317490005446597
FI,21,0.9403530127814973,0.1827449694542566,0.38212199567372046,0.26948560909659347,0.251564493075194,0.25205294245025983
FI,22,1,0.311244827200349,0.48768568468963497,0.4420756169984429,0.17634623333328972,0.1721416170252814
FI,23,0.9830371567043619,0.22247487826208473,0.25518597878451094,0.15605981200271862,0.21035706565610576,0.21847032587873527
FI,24,0.8695652173913043,0.22117376198723782,0.3866053451307379,0.295834345732554,0.24229677803746452,0.2514016893047965
FI,25,0.9377510040160643,0.4201849890496952,0.5417256870102118,0.5584496104939765,0.2598528244812248,0.2598746776979377
FI,26,0.7006880733944955,0.300133510048546,0.4055217702932509,0.3612751954755013,0.19987157332609834,0.2152636121063766
FI,31,0.9491173416407062,0.17326605448865012,0.43542996217415525,0.27606288189724126,0.22824668228147896,0.2276955086746763
FI,32,0.9694811800610377,0.3149029969639658,0.49044370605864335,0.44265627939763164,0.1653750733440291,0.173028653055236
FI,33,0.901443816698054,0.20324193475502927,0.37572125683802365,0.26720444222061895,0.24421072789688197,0.24331163690461108
FI,34,0.6378504672897196,0.3300425763002622,0.486797113163092,0.4194313262879307,0.16467949241409324,0.1917560116138421
FI,35,0.88,0.48671223797229596,0.5553425430474158,0.5994499735477831,0.24107658979492771,0.25033411023201657
FI,41,0.9258064516129032,0.1719540679399313,0.3842078360333572,0.22835083422640218,0.22425593973837238,0.22007888890575802
FI,42,0.7871720116618076,0.32490687017352066,0.4325342143574944,0.3440787231865983,0.25558576820209433,0.2562536313099383
FI,43,0.8605263157894737,0.18778026763389608,0.43637687016308857,0.279814808272154,0.2575454214622135,0.23458491600751655
FI,44,0.6666666666666666,0.1882577674498623,0.6378988206457752,0.2910741305164846,0.19565013937869805,0.22342473279847286
FI,51,0.7929133858267716,0.47542638210303717,0.6526898792204837,0.43112172437845164,0.2568347771944228,0.238314812334843
FI,52,0.9816700610997964,0.01105802398696297,0.26620241563549574,0.07739707646644739,0.22756308432663477,0.22638151495911119
FI,53,0.9538152610441767,0.320124043777434,0.48025364692776296,0.43303843436574985,0.16672424226123658,0.168589853474218
FI,54,0.8685258964143426,0.3764640739001214,0.3644391124748521,0.3548704694727723,0.2522506043347895,0.2271638342216441
FI,71,1,0.1600871083083771,0.46006320158840397,0.1961492127422582,0.21121255515921827,0.20087113518437769
FI,72,1,0.18786739909225958,0.4699153127566567,0.34417799676437744,0.2215383518108963,0.2167728606257869
FI,73,1,0.31015492830383956,0.5978370007556204,0.5202503405052639,0.22072107126613294,0.21952040503363573
FI,74,1,0.18059013778149363,0.4914562054386988,0.26541700033399035,0.20564301490706674,0.21619110908262257
FI,75,1,0.28617191614922666,0.580124170985053,0.46777966936354387,0.2169385468045967,0.21738428807614973
FI,81,0.9613899613899614,0.2984141793817295,0.5891657844089986,0.49456361810033656,0.21552693195124475,0.21652054400345797
FI,82,1,0.31015492830383956,0.5978370007556204,0.5202503405052639,0.22072107126613294,0.21989440056919204
FI,83,0.8461538461538461,0.18694783845437457,0.6484667794141304,0.3026601615047592,0.18632085242895943,0.20902411239158486
FI,91,0.9657444005270093,0.3498595789105795,0.42926157530839343,0.38182965265600316,0.255318004194372,0.2330230761849543
FI,93,1,0.1274237295124657,0.46605360654135625,0.24170469107151177,0.2241575715311437,0.2150336288425011
FI,94,1,0.643265537940868,0.8622907990254799,0.554084619337741,0.283238817764611,0.2731603358466676
FI,96,1,0.26032074965626356,0.5663109053856612,0.3389159592241372,0.26953286437695384,0.22864745822534405
FR,11,1,0.5153231343239878,NA,0.5969909086110666,0.22282786039232347,0.22205715776995835
FR,12,1,0.46504036774685475,NA,0.5403488714025433,0.24993445897009026,0.24446408178875306
FR,13,0.8457608174996009,0.4599094458077856,NA,0.5376511007982245,0.20587986983624604,0.2130208675503039
FR,14,1,0.5172615962541668,NA,0.5986860089062194,0.2577071048856973,0.25317490005446597
FR,21,0.9773682798103587,0.44855334428274174,NA,0.5226772137032366,0.25275408050221293,0.25205294245025983
FR,23,0.970641055672679,0.5879542028793199,NA,0.7268255149355618,0.21690997576195845,0.21847032587873527
FR,24,0.9741914825488313,0.45905504213751724,NA,0.5372480222922935,0.25172589388867384,0.2514016893047965
FR,25,1,0.32643255265547655,NA,0.42291539970932407,0.2670472014700436,0.2598746776979377
FR,26,0.7024402708572889,0.45859770100088726,NA,0.5750479136016624,0.2026852933009688,0.2152636121063766
FR,31,0.9738302934179223,0.5185144817900912,NA,0.5798897178040135,0.23034392761056358,0.2276955086746763
FR,33,0.9045567522783762,0.4844767789032837,NA,0.5568796593363067,0.2421202960380311,0.24331163690461108
FR,34,0.7271494156928213,0.546802601170852,NA,0.6671841868234714,0.20431128841915036,0.1917560116138421
FR,35,1,0.27414449325669277,NA,0.3883389975714903,0.23844513195708408,0.25033411023201657
FR,41,0.8707877461706783,0.505986441115495,NA,0.5872205401025069,0.21362859007252036,0.22007888890575802
FR,42,0.872969596001666,0.537981518713088,NA,0.6174697371513883,0.23719169737250567,0.2562536313099383
FR,43,0.9593976081500074,0.5139842752987479,NA,0.5624040333842661,0.24948258292709843,0.23458491600751655
FR,44,1,0.5853408458141627,NA,0.6484767295696824,0.20549237140468699,0.22342473279847286
FR,51,0.9441734417344173,0.5364498905048976,NA,0.644316495521767,0.23039981428960193,0.238314812334843
FR,52,1,0.5193276855544515,NA,0.5801917260755669,0.22798027477523727,0.22638151495911119
FR,54,0.9352444330688507,0.5705212945360797,NA,0.6460620762007289,0.22355737401732742,0.2271638342216441
FR,71,1,0.3752670648406738,NA,0.4601779452798582,0.1975892690627364,0.20087113518437769
FR,72,1,0.5190073553405254,NA,0.5592599122629651,0.22170017537530845,0.2167728606257869
FR,73,1,0.5533852381847866,NA,0.5632099394931114,0.22072107126613294,0.21952040503363573
FR,74,1,0.41090951204143394,NA,0.48331221670026436,0.20253833558005643,0.21619110908262257
FR,75,1,0.5454164863024605,NA,0.5745927008752306,0.21584327752232524,0.21738428807614973
FR,81,0.9420615703908682,0.5523251651321489,NA,0.5704062012561255,0.21379640460889088,0.21652054400345797
FR,82,1,0.5533852381847866,NA,0.5632099394931114,0.22072107126613297,0.21989440056919204
FR,83,1,0.5716152613719313,NA,0.6019206262904423,0.22738643164253403,0.20902411239158486
FR,91,0.6129822968679074,0.5508161260002122,NA,0.642289452913559,0.20609254463440974,0.2330230761849543
FR,93,1,0.5230352959978856,NA,0.5746261822474603,0.2152296223621465,0.2150336288425011
FR,94,1,0.5297091052206981,NA,0.6361517080613557,0.27473839866932065,0.2731603358466676
FR,96,1,0.7354903096217031,NA,0.8360000924369817,0.21524978143417953,0.22864745822534405
HR,12,1,-0.09109127424812805,0.278111553099211,-0.05743151925673752,0.29432598400634213,0.24446408178875306
HR,13,1,-0.06307985840351667,0.1846918205783681,0.01382256911678862,0.1956677143037624,0.2130208675503039
HR,14,1,0.07541668071867422,0.4957825830222717,0.08950515350146523,0.25959846564000993,0.25317490005446597
HR,21,1,-0.0018090022211554304,0.2860005008383009,0.02536675143177518,0.25269525994338243,0.25205294245025983
HR,22,1,-0.15236724413515118,0.234156879499847,-0.19947019725187923,0.17235043695144972,0.1721416170252814
HR,23,1,0.17589066646366436,0.3659342693515293,0.2507275682491077,0.2231435513142097,0.21847032587873527
HR,24,1,0.019813022854711402,0.3721117566982775,0.06302234208556634,0.23036630920657888,0.2514016893047965
HR,25,1,-0.1815595807131187,0.35990719770835605,-0.09151442026080192,0.2600902699549442,0.2598746776979377
HR,26,1,-0.036644998177179096,0.28780121726799807,9.002429020375376e-4,0.22654883668929218,0.2152636121063766
HR,31,1,0.04205635125097014,0.35635291576882483,0.06503160753729662,0.22345798278710505,0.2276955086746763
HR,32,1,-0.14601076978056285,0.24406267288444292,-0.1948146155244742,0.17162793504199622,0.173028653055236
HR,33,1,-0.035195992023448704,0.30411389071918205,0.011377044398478833,0.2351351579945678,0.24331163690461108
HR,34,1,0.0982404574599504,0.44088035165652334,0.08895397910743992,0.18438490185406806,0.1917560116138421
HR,35,1,-0.12164160647082681,0.3773261755957574,-0.050604187584514744,0.26279265155221615,0.25033411023201657
HR,41,1,0.00976677214947002,0.36279187919856365,0.04786976236242234,0.21358965473498914,0.22007888890575802
HR,42,1,-0.06573379722402603,0.3005671852226563,-0.04844584876997566,0.25188649823761516,0.2562536313099383
HR,43,1,0.01588233951685391,0.41620246656387555,0.04522133126929121,0.22666011263024188,0.23458491600751655
HR,44,1,-0.017667635599470093,0.5666500271460139,-0.01213689843414101,0.21677437818422382,0.22342473279847286
HR,51,1,0.11690220233046703,0.43555360855965614,0.10857432921980154,0.2404340166184292,0.238314812334843
HR,52,1,0.034915342673856375,0.5408302344725971,0.08717222967780089,0.22309724629637687,0.22638151495911119
HR,53,1,-0.0966209794237515,0.25743144927768347,-0.1311790903666192,0.17059887022815975,0.168589853474218
HR,54,1,0.05524880530339412,0.42132250015667405,0.09087531167610534,0.2181796686566775,0.2271638342216441
HR,61,1,-0.3302416868705769,-0.021506205220963637,-0.2818354176139284,-0.19415601444095743,-0.13423809506910198
HR,62,1,-0.330241686870577,-0.021506205220963633,-0.2818354176139284,-0.19415601444095743,-0.1902438371621748
HR,71,1,-0.08874139852492288,0.07302112636512091,0.031067289670774406,0.20358744984069133,0.20087113518437769
HR,72,1,0.09057791368515644,0.3827927546004566,0.11050069479934442,0.21867685572052278,0.2167728606257869
HR,73,1,0.1421442092856153,0.4138998331677804,0.13588738598953132,0.20893166601436527,0.21952040503363573
HR,74,1,-0.017045673998708998,0.21142291207356215,0.05509057423921846,0.22105571622725503,0.21619110908262257
HR,75,1,0.11565217562434287,0.4250016782912024,0.12291958253208224,0.22246297719137853,0.21738428807614973
HR,81,1,0.1324060037133606,0.39873720517878203,0.12562712558842143,0.21705772755029534,0.21652054400345797
HR,82,1,0.10105559625590142,0.3365665338100451,0.11419687066408744,0.21762139604816005,0.21989440056919204
HR,83,1,-0.021456568313304163,0.4695703817200713,-0.0016742941894052768,0.19943470816505865,0.20902411239158486
HR,91,1,0.047878708368121616,0.43044901241263017,0.06253197949973333,0.23986465573960808,0.2330230761849543
HR,92,1,-0.3053449496093167,0.03992894004759876,-0.25916791438493464,-0.13999235896976822,-0.12237825031757464
HR,93,1,0.001561334447396196,0.22455104771164713,0.06362718875192029,0.2109838069028542,0.2150336288425011
HR,94,1,0.1405819506211894,0.4219944100593749,0.11476446259197727,0.30332234176825773,0.2731603358466676
HR,96,1,0.21467783289399922,0.7002523169668664,0.19508832453802338,0.26420860388952877,0.22864745822534405
HU,11,1,-0.03306086226088811,0,-0.009949273920243584,0.1823215567939548,0.22205715776995835
HU,12,1,0.05482031885069684,0.3239613639721895,0.09382476960811564,0.22688314977211563,0.24446408178875306
HU,13,1,0.04583341408150874,0.3254457450302863,0.08717312733784642,0.1970663305614906,0.2130208675503039
HU,14,1,-0.11452832038078069,0.3869914080486099,-0.0919869837633229,0.23444040382719808,0.25317490005446597
HU,21,1,0.09715560007874835,0.44374345124859793,0.15027077152932622,0.24474949126578632,0.25205294245025983
HU,22,1,0.26305323045727336,0.3042655070977193,0.23400701202229834,0.1821792996573846,0.1721416170252814
HU,23,1,0.3531948099523161,0.2293799417036039,0.48018583490477473,0.21997321528428984,0.21847032587873527
HU,24,1,0.15469827617459625,0.4815615381239596,0.22672485010985552,0.2688200614953435,0.2514016893047965
HU,25,1,0.08941710589809763,0.5018645683709051,0.23989271790892988,0.2580647177875555,0.2598746776979377
HU,26,1,0.10326383048040734,0.28120709062092475,0.1632648694697323,0.21842138359638888,0.2152636121063766
HU,31,1,0.03701790239155657,0.38661215863781834,0.06427661493194912,0.2183046569386814,0.2276955086746763
HU,32,1,0.248568399105777,0.267673045997176,0.1991834242034764,0.16553144913877854,0.173028653055236
HU,33,1,0.07631538568963989,0.3486309366013288,0.10682905717222263,0.23276267389655184,0.24331163690461108
HU,34,1,0.1536278204745313,0.22449909288652334,0.16143749131329962,0.17389566413427865,0.1917560116138421
HU,35,1,0.06066143188950283,0.4578115980293559,0.20429128874171465,0.2336091390057774,0.25033411023201657
HU,41,1,0.06872576287629036,0.3105216826629305,0.10660304879316529,0.2096775976371806,0.22007888890575802
HU,42,1,0.0398177605780075,0.3734158908514701,0.08066148162149664,0.24896359929525252,0.2562536313099383
HU,43,1,0.04992864151242303,0.3982499763960271,0.06756641328618199,0.2217740796323462,0.23458491600751655
HU,44,1,-0.049975073411304215,0.2620284263239861,-0.06309182620063802,0.2193098672042869,0.22342473279847286
HU,51,1,-0.08366478475225095,0.18996524840891377,-0.07096657638785986,0.23129727372171444,0.238314812334843
HU,52,1,-0.07857394518631068,0.46937620418594367,-0.048918448001168104,0.22291219129025336,0.22638151495911119
HU,53,1,0.3361484334376877,0.24404299643346344,0.3706080375279273,0.19185024368667128,0.168589853474218
HU,54,1,0.08092591657494384,0.20131561896408362,0.1025175503669774,0.21021150325493204,0.2271638342216441
HU,61,1,-0.145497222445743,0.14232504721800918,-0.20980893820998975,-0.141495973807349,-0.13423809506910198
HU,62,1,-0.19415601444095743,0.11332868530700316,-0.2697539297558329,-0.19415601444095743,-0.1902438371621748
HU,71,1,-0.3776598418983873,0.09814719670371455,-0.2893861463657929,0.19813035815291383,0.20087113518437769
HU,72,1,0.02247723670080135,0.3877279558218046,0.032241882554240875,0.198150166513465,0.2167728606257869
HU,73,1,0.14884562759756514,0.4489502200479033,0.1438235405830781,0.22072107126613294,0.21952040503363573
HU,74,1,-0.1630706721252834,0.27044907157174464,-0.09706287347607456,0.21562674736493356,0.21619110908262257
HU,75,1,0.10659973606744061,0.4354020726127348,0.10430669167698078,0.22676308491703984,0.21738428807614973
HU,81,1,0.13120425361879523,0.429233325868689,0.12240631945397551,0.2197980095104535,0.21652054400345797
HU,82,1,0.14884562759756514,0.4489502200479033,0.1438235405830781,0.22072107126613294,0.21989440056919204
HU,83,1,-0.06583007247065187,0.2970287239158267,-0.07619935490758743,0.18166442854085438,0.20902411239158486
HU,91,1,0.17306619083021144,0.3050805966741145,0.19637124953288876,0.23046295962883004,0.2330230761849543
HU,92,1,-0.07867518204220789,0.11413071332963366,-0.10584566925831969,0.006385454127333389,-0.12237825031757464
HU,93,1,-0.20134056057269248,0.2448355009266887,-0.14949585739787863,0.1994517520338258,0.2150336288425011
HU,94,1,-0.015886164683399515,0.21851445754904839,-0.0027282047767350865,0.26114677901694816,0.2731603358466676
HU,96,1,-0.04261987471951011,0.12419744123803103,-0.043654269391638946,0.22030399507127477,0.22864745822534405
IE,12,1,0.4499494212883786,1.0098432170437286,NA,0.3135296485097321,0.24446408178875306
IE,13,1,0.46765471830575,0.7293831300241218,0.669735834997642,0.21939047107652698,0.2130208675503039
IE,14,1,0.11510636901450541,0.9413666853601385,0.11111417660347357,0.24357779930564846,0.25317490005446597
IE,21,1,0.3085704306992262,0.9021056679881989,0.49026129305189164,0.2608562329608415,0.25205294245025983
IE,22,1,0.5151640253645888,0.30075415401913386,0.7086513670959107,0.16126814759612235,0.1721416170252814
IE,23,1,0.532804530484766,0.3629054936893686,0.6931471805599445,0.22314355131420974,0.21847032587873527
IE,24,1,0.4054724203938197,0.7956273218405633,0.5308714360188692,0.27688747832232036,0.2514016893047965
IE,25,1,0.20476262457780936,0.4983667177435513,0.4818380868927381,0.2690196647114604,0.2598746776979377
IE,26,1,0.32709051636126535,0.7721264143819205,0.585533342324937,0.21675614220698156,0.2152636121063766
IE,31,1,0.3360474138342847,0.9480974409541427,NA,0.21332357714016303,0.2276955086746763
IE,32,1,0.4452587231273278,0.5571502112222587,0.6495929587018601,0.21540013232505176,0.173028653055236
IE,33,1,0.43415721538744284,0.6071357331480676,0.5980417081834766,0.2281577097755116,0.24331163690461108
IE,34,1,0.06058649403908293,0.8189667310218912,0.07160713430948543,0.24181197869576446,0.1917560116138421
IE,35,1,0.15415067982725827,0.4295626596872249,0.4818380868927381,0.26319105244348484,0.25033411023201657
IE,41,1,0.462623521948113,0.3513978868378887,0.6332490389788763,0.1823215567939548,0.22007888890575802
IE,42,1,0.561954970288595,0.98394938034797,NA,0.31015492830383945,0.2562536313099383
IE,43,1,0.44821902126520147,1.0102432570061985,NA,0.31358178535451,0.23458491600751655
IE,44,1,0.4448128142729178,0.6797759873160131,0.6143629214414494,0.2182485994087311,0.22342473279847286
IE,51,1,-0.14976770265511785,0.9114195011847805,-0.4248831939652664,0.24470749152383173,0.238314812334843
IE,52,1,0.4519851237430573,1.0116009116784799,0.5172565140962817,0.2201040282760187,0.22638151495911119
IE,53,1,0.5189717117527931,0.31416946205361473,0.7053048030587135,0.17462389511564913,0.168589853474218
IE,54,1,0.43980362288653657,0.4025704925775075,0.5202456397305686,0.23911082307399745,0.2271638342216441
IE,71,1,0.1856161849599039,1.7718200807711963,0.3437715391028249,0.19729287857546876,0.20087113518437769
IE,72,1,0.42433090789964495,0.7478891175194885,NA,0.22047083468827805,0.2167728606257869
IE,74,1,0.15822400521489408,1.9218125974762528,0.3437715391028249,0.19437383191336338,0.21619110908262257
IE,75,1,0.40546510810816444,0.5679840376059393,NA,0.22072107126613294,0.21738428807614973
IE,81,1,0.40546510810816444,0.5679840376059393,NA,0.22072107126613294,0.21652054400345797
IE,82,1,0.40546510810816444,0.5679840376059393,NA,0.22072107126613294,0.21989440056919204
IE,83,1,0.8494299002618376,1.4184710197168175,0.923127505751275,0.2221881425456323,0.20902411239158486
IE,91,1,0.20452841551404843,0.5631690667472807,0.14946082912849837,0.3190634136944646,0.2330230761849543
IE,93,1,0.45353909503213224,1.366050681501863,0.5923333342503724,0.2114885845675694,0.2150336288425011
IE,94,1,-0.3703737882968944,0.8023464725249373,-0.4248831939652664,0.30332234176825773,0.2731603358466676
IE,96,1,1.0986122886681098,1.4350845252893225,1.1526795099383857,0.2282586519809802,0.22864745822534405
IT,11,1,0.37151834069930517,0.6849069125425352,NA,0.1894294603498703,0.22205715776995835
IT,12,1,0.5471668405076965,0.9600723714437652,NA,0.24849801263344842,0.24446408178875306
IT,13,0.9214380825565912,0.4311329855941524,0.9231964057561151,NA,0.21775846433418317,0.2130208675503039
IT,14,1,0.3942158522702915,1.0103182435384521,NA,0.262595839317023,0.25317490005446597
IT,21,0.9709136331192005,0.5722321961733022,0.7547282917142091,NA,0.27227198834893424,0.25205294245025983
IT,23,0.9485426977767303,-0.02928229646975475,0.44130424505303406,NA,0.2203176085840883,0.21847032587873527
IT,24,0.9829745596868884,0.44918830711828645,0.6492705339312365,NA,0.2572078507895816,0.2514016893047965
IT,25,1,0.4243873723141293,0.82232825080384,NA,0.26161393282332246,0.2598746776979377
IT,26,0.867816091954023,0.5272777416657174,0.629995930800314,NA,0.25059387972147446,0.2152636121063766
IT,31,0.9802928547836618,0.5234155299194639,0.9295802039438084,NA,0.2346960008327648,0.2276955086746763
IT,33,0.9839960300229514,0.46398526348031965,0.7835978071520526,NA,0.25333012686523343,0.24331163690461108
IT,34,0.7510588235294118,0.3134287240706264,0.6041844996864816,NA,0.18790173788756662,0.1917560116138421
IT,35,0.989344262295082,0.41571339787475786,0.8225977209191715,NA,0.2520924673606005,0.25033411023201657
IT,41,0.9067115348663302,0.3875507676013618,0.7152793175194042,NA,0.2266396016431106,0.22007888890575802
IT,42,0.9337336922758335,0.35999933878630846,0.7828546363896851,NA,0.2625676719701122,0.2562536313099383
IT,43,0.9696831893284826,0.4768277541757157,0.9051810635666141,NA,0.2289095163733143,0.23458491600751655
IT,44,0.9239130434782609,0.3659261351482219,0.7504702478484021,NA,0.23733966117569555,0.22342473279847286
IT,51,0.9834146341463414,0.309129110016807,0.9700208060222791,NA,0.2515465586872169,0.238314812334843
IT,52,0.9949351823937292,0.5308222931940185,0.9897005271043197,NA,0.22462679882007178,0.22638151495911119
IT,54,1,0.25134039642567013,0.44138255662316334,NA,0.2237165803329611,0.2271638342216441
IT,71,1,0.4199246781053737,0.9796087213221344,NA,0.19856601185444464,0.20087113518437769
IT,72,1,0.5474884744001097,1.0812979838185803,NA,0.22044763978920767,0.2167728606257869
IT,73,1,0.5560192214311218,1.124811497434676,NA,0.21586328961627402,0.21952040503363573
IT,74,1,0.4498496862630474,0.9804796092728892,NA,0.21037399610537327,0.21619110908262257
IT,75,0.991751159993126,0.5324145955250367,1.095076594226318,NA,0.2214370753218583,0.21738428807614973
IT,81,0.9799275581044371,0.5466803689838101,1.1096124487395074,NA,0.2121597638810033,0.21652054400345797
IT,82,1,0.5679840376059393,1.1499055830556602,NA,0.22072107126613294,0.21989440056919204
IT,83,0.9360054347826087,0.3192506340280915,0.7915238750918522,NA,0.2091841517142643,0.20902411239158486
IT,91,0.9407094764345292,0.29084729612804056,0.7356841776434094,NA,0.2166721609464698,0.2330230761849543
IT,93,0.9786535303776683,0.4707439753654588,0.991618528920099,NA,0.21411605330666023,0.2150336288425011
IT,94,1,0.30920046486420905,1.0915717474354112,NA,0.2980965472006172,0.2731603358466676
IT,95,1,0.551176919289558,0.9864949905474034,NA,0.2201040282760187,0.2228967393588779
IT,96,0.9861173309449172,0.36323463633408215,0.7484008805613727,NA,0.23751934453439294,0.22864745822534405
LT,11,1,0.30686599914222445,0.46657537650109016,0.35166583634687393,0.21860603181914773,0.22205715776995835
LT,12,1,0.3000760268647922,0.47910731570261433,0.3687062675779278,0.24321518824675908,0.24446408178875306
LT,13,1,0.33328105672406383,0.45743685408434376,0.3912049070171844,0.225827285379127,0.2130208675503039
LT,14,1,0.3222968679098254,0.955146286443539,0.3362608731886985,0.24402929340503743,0.25317490005446597
LT,21,1,0.29274137871060885,0.4845803599230104,0.3639571744332526,0.2565734143967058,0.25205294245025983
LT,22,1,0.3044614420661506,0.3112960309142601,0.3438695244948749,0.16789130067835703,0.1721416170252814
LT,23,1,0.16952745616026837,0.004940273299807053,0.11887100833713339,0.22209964112878186,0.21847032587873527
LT,24,1,0.30285171040950204,0.43078926537667844,0.3710971966337283,0.23601540707032717,0.2514016893047965
LT,25,1,0.41574058355333326,0.47963731906848833,0.6467063742085501,0.26222817324914016,0.2598746776979377
LT,26,1,0.16222604281216457,0.3347133295990823,0.2246215359806474,0.20525068387114095,0.2152636121063766
LT,31,1,0.2496834910541164,0.4848240715900567,0.290290429613316,0.23605957895669524,0.2276955086746763
LT,32,1,0.2087501010089536,0.3174334715436422,0.23755479613623923,0.16046073622461388,0.173028653055236
LT,33,1,0.2469106023391282,0.43053667117432975,0.3167727323293698,0.23701716313574342,0.24331163690461108
LT,34,1,0.14000034272596118,0.30889465999329363,0.17136300826044057,0.184884825318715,0.1917560116138421
LT,35,1,0.5306282510621704,0.49783842823917956,0.8603603489014624,0.26319105244348484,0.25033411023201657
LT,41,1,0.2203898852863157,0.16278502850591356,0.2563774613031695,0.19639810662852544,0.22007888890575802
LT,42,1,0.2861408075298579,0.3441586727241124,0.43551261215065507,0.2762597353948983,0.2562536313099383
LT,43,1,0.3037025927895803,0.49526628074307344,0.33613914954243673,0.22665807746858838,0.23458491600751655
LT,44,1,0.43417043237218916,0.34321138451444405,0.4982181078457148,0.20828624055736725,0.22342473279847286
LT,51,1,0.13481852492754903,0.6990228980072997,0.15135669364321555,0.21753850530093946,0.238314812334843
LT,52,1,0.2736247012070941,0.7240946742355856,0.27071827750233524,0.22206550736425565,0.22638151495911119
LT,53,1,0.2435085846449508,0.1527090149428139,0.24115558853735727,0.1908751956117663,0.168589853474218
LT,54,1,0.19369022883311315,0.22823748091427454,0.27491282949432555,0.24494452128725128,0.2271638342216441
LT,61,1,-0.11778303565638358,-0.040821994520255256,-0.2583775482236703,-0.19415601444095743,-0.13423809506910198
LT,62,1,-0.11778303565638357,-0.040821994520255256,-0.2583775482236703,-0.19415601444095743,-0.1902438371621748
LT,71,1,0.47586742752140354,0.5967739456807206,0.5385343377744195,0.20383186858916044,0.20087113518437769
LT,72,1,0.1995721156624054,0.5382543975183771,0.21358369764826213,0.2191201294558639,0.2167728606257869
LT,73,1,0,0.4700036292457355,0.005000843894160667,0.22072107126613294,0.21952040503363573
LT,74,1,0.3084253323902469,0.5515809988914762,0.35029170449049163,0.2062994244625117,0.21619110908262257
LT,75,1,0.045211245150451274,0.5195823550194617,0.05188134956218214,0.22002104878653578,0.21738428807614973
LT,81,1,0.013924255336789329,0.47335365252770134,0.0178904707001356,0.22504986295809928,0.21652054400345797
LT,82,1,0.030367825455827255,0.49635636854486465,0.03430944141951349,0.2206543639158503,0.21989440056919204
LT,83,0.9731543624161074,0.48571247729089323,0.2934271548113971,0.5813183922685847,0.18620181381767398,0.20902411239158486
LT,91,1,0.17147762387490212,0.34482138038183613,0.1983853269574388,0.249937040795434,0.2330230761849543
LT,92,1,-0.11778303565638357,-0.040821994520255256,-0.2583775482236703,-0.19415601444095743,-0.12237825031757464
LT,93,1,0.21981198138987396,0.466210815778075,0.23739747538329067,0.19551625349691928,0.2150336288425011
LT,94,1,0.29085598669639345,0.9673809981910122,0.33319764619011605,0.2471584755996927,0.2731603358466676
LT,96,1,0.206796347423397,0.2624081850184391,0.2213328916467415,0.21868665368083615,0.22864745822534405
LU,12,1,0.4601552571015848,0.6263616869088348,0.5611051242247239,0.28777810831716216,0.24446408178875306
LU,14,1,0.3703737882968942,0.6466271649250523,0.40325808889405934,0.2201040282760187,0.25317490005446597
LU,21,1,0.30979525800734503,0.502720356583026,0.4352667139328118,0.24383300424822626,0.25205294245025983
LU,22,1,0.14234046994087748,0.7949563084518989,0.41495791826036277,0.16698830266222336,0.1721416170252814
LU,23,1,0.025678719810634538,0.6220941809641687,0.20101170098398005,0.22022880202748243,0.21847032587873527
LU,24,1,0.4029453049090046,0.5832424834125726,0.4898304578915034,0.258129867054274,0.2514016893047965
LU,25,1,0.3258158432760237,0.5578881498673076,0.39981433310661335,0.24995700540345817,0.2598746776979377
LU,26,1,0.2525948572143366,0.49098809416431904,0.4001938224878291,0.207529753509261,0.2152636121063766
LU,31,1,0.35898381849642785,0.5652663172468263,0.463891477499861,0.22204048929869008,0.2276955086746763
LU,32,1,0.11778303565638337,0.8109302162163285,0.41621789988442615,0.16126814759612235,0.173028653055236
LU,33,1,0.30265197109482567,0.5381699423615961,0.41780818262349506,0.22881708866698053,0.24331163690461108
LU,34,1,0.12903207333652966,0.6169330284569986,0.3513982861713241,0.16567138947960533,0.1917560116138421
LU,35,1,0.28185115214098766,0.5930637220029626,0.3272382716436022,0.26319105244348484,0.25033411023201657
LU,41,1,0.2744771151596907,0.5556196063947916,0.3955820006563933,0.19504956506364446,0.22007888890575802
LU,42,1,0.3703737882968942,0.6466271649250523,0.40325808889405934,0.2201040282760187,0.2562536313099383
LU,43,1,0.4051815028834246,0.6772944816768435,0.4615940675211883,0.23453251256357285,0.23458491600751655
LU,44,1,0.28185115214098766,0.5930637220029626,0.32723827164360214,0.26319105244348484,0.22342473279847286
LU,51,1,0.263876959909004,0.641907340873253,0.3612420853884188,0.23892713764985438,0.238314812334843
LU,52,1,0.3703737882968942,0.6466271649250523,0.40325808889405934,0.2201040282760187,0.22638151495911119
LU,53,1,0.13221656249372352,0.7078811700774069,0.40026291671233916,0.15635838222014828,0.168589853474218
LU,54,1,0.2057504216211306,0.3580481906718524,0.3067900226605499,0.20420518614435948,0.2271638342216441
LU,61,1,-0.48730244057106264,0.08120433300305922,-0.37987149719808666,0.003244889795725598,-0.13423809506910198
LU,71,1,0.36000273403140703,0.42899560551835847,0.5057608132965283,0.19437383191336338,0.20087113518437769
LU,72,1,0.36061156048237375,0.621112209979339,0.42582786852780663,0.21322339078050168,0.2167728606257869
LU,74,1,0.22791661068027694,0.21182608899671626,0.3715907645674903,0.2606864207770265,0.21619110908262257
LU,81,1,0.36000273403140703,0.7166776779701395,0.394446692032024,0.22072107126613294,0.21652054400345797
LU,83,1,0.40638785931141175,0.6368858734001355,0.49112407152198806,0.2145057979580851,0.20902411239158486
LU,91,1,0.30897861393479137,0.367394178214231,0.4351906136971725,0.2281671214596661,0.2330230761849543
LU,93,1,0.3095613581947556,0.49716388277588974,0.4045304313310043,0.20039363704349047,0.2150336288425011
LU,94,1,0.31365755885504154,0.794243297431314,0.36614488751662044,0.30332234176825773,0.2731603358466676
LV,11,1,-0.5140989491109599,0.3266842302550499,-0.5590436073396212,0.2201040282760187,0.22205715776995835
LV,21,1,-0.4978384282391794,0.3894647667617234,-0.5730466467632,0.3176494368130295,0.25205294245025983
LV,22,1,0.22426024601428485,0.246860077931526,0.24684965860576116,0.16126814759612235,0.1721416170252814
LV,23,1,0.36545977349446523,0.42608439531090003,0.3684555906723803,0.22314355131420974,0.21847032587873527
LV,24,1,-0.21727903720790318,0.1297190514976299,-0.17337673841734,0.22456676801684053,0.2514016893047965
LV,25,1,0.5859016502063475,0.6744550475477926,0.7071857826676915,0.26319105244348484,0.2598746776979377
LV,31,1,-0.08535984895115689,0.14921239818667575,-0.062331411297682486,0.22072107126613294,0.2276955086746763
LV,32,1,0.22426024601428485,0.24686007793152598,0.24684965860576114,0.16126814759612235,0.173028653055236
LV,33,1,-0.2435409119183324,0.27069600333978006,-0.24450454284396916,0.24056831892632752,0.24331163690461108
LV,43,1,-0.31477287622964795,0.24417539604782335,-0.32811600742538655,0.22039089913984375,0.23458491600751655
LV,51,1,0.07118082314169474,0.43890388081441767,-0.052352555611514064,0.2229753151705124,0.238314812334843
LV,52,1,-0.5140989491109599,0.32668423025504995,-0.5590436073396212,0.2201040282760187,0.22638151495911119
LV,53,1,0.27851425164706356,0.31572459396892094,0.29357509063135867,0.18504293326120025,0.168589853474218
LV,61,1,-0.5436154465889815,0.2754119798599666,-0.5982160359051392,-0.19415601444095745,-0.13423809506910198
LV,71,1,-0.3825508485852885,0.13491931789937062,-0.45750286080834446,0.1943738319133634,0.20087113518437769
LV,72,1,-0.27127326406469976,0.22616921032251944,-0.27771988568754974,0.2204535039518356,0.2167728606257869
LV,75,1,-0.08535984895115689,0.14921239818667575,-0.062331411297682486,0.22072107126613294,0.21738428807614973
LV,81,1,-0.08535984895115689,0.14921239818667575,-0.06233141129768249,0.22072107126613294,0.21652054400345797
LV,83,1,-0.24528730215067004,0.21169944298474647,-0.3422782383927052,0.1537787848363607,0.20902411239158486
LV,91,1,0.36545977349446523,0.42608439531090003,0.3684555906723803,0.22314355131420974,0.2330230761849543
LV,92,1,-0.5436154465889815,0.2754119798599666,-0.5982160359051392,-0.19415601444095743,-0.12237825031757464
LV,93,1,-0.25025977671574734,0.18204838639329723,-0.26649612122645516,0.21379726154238046,0.2150336288425011
LV,96,1,-0.09403765646053916,0.40659330269601573,-0.13266656796268664,0.27344507101519444,0.22864745822534405
NL,11,1,0.4127426285229234,0.6174918283857094,0.4919312077164096,0.20977942868704194,0.22205715776995835
NL,12,1,0.38958671670359984,0.675423749820301,0.45067546132797875,0.253293941728942,0.24446408178875306
NL,13,1,0.37144756579676735,0.6230500132103667,0.44708060383545917,0.23063655671458372,0.2130208675503039
NL,14,1,0.462942390471515,0.8911803652570833,0.5137243352785827,0.2376749958521666,0.25317490005446597
NL,21,1,0.38009610241530867,0.6603343526936575,0.4620476752574397,0.2524683574674614,0.25205294245025983
NL,22,1,0.41084584842089156,0.4242707802655549,0.47722492673048333,0.17092397436043422,0.1721416170252814
NL,23,1,0.3715696213288901,0.6298712896411975,0.46326546261710777,0.21999900630599123,0.21847032587873527
NL,24,1,0.38667846051765115,0.6327739353526107,0.46056426872592576,0.24796409564870547,0.2514016893047965
NL,25,1,0.34137941971388214,0.6127752525798114,0.44332995161277766,0.2527744889783682,0.2598746776979377
NL,26,1,0.39583147684203945,0.5905991622071985,0.4686598873306959,0.20449269658568583,0.2152636121063766
NL,31,1,0.3885659036727417,0.6861650769966006,0.452373508200694,0.22826017880429922,0.2276955086746763
NL,32,1,0.4136487946045769,0.46338056260239113,0.4795470096963659,0.17496905527789144,0.173028653055236
NL,33,1,0.3966139272436072,0.6406736003585776,0.4661417166275742,0.24101701926200367,0.24331163690461108
NL,34,1,0.41470836056422056,0.5512766746485791,0.47884678315352697,0.19083614965079337,0.1917560116138421
NL,35,1,0.3530059313336494,0.6363036585068371,0.44725638708700477,0.23407399188161673,0.25033411023201657
NL,41,1,0.3962920552572151,0.6225009831333125,0.4610909417491855,0.2136238665353852,0.22007888890575802
NL,42,1,0.4095721563519443,0.6524238520195311,0.4658387040388957,0.23174764535189774,0.2562536313099383
NL,43,1,0.3952253201804466,0.6932558792296007,0.4533059935244572,0.22783704412344383,0.23458491600751655
NL,44,1,0.4080722235102439,0.7105887870466597,0.45538524810163594,0.22034892342868162,0.22342473279847286
NL,51,1,0.44924076239502087,0.9400980098768089,0.4989785334698755,0.23702267767046528,0.238314812334843
NL,52,1,0.44395526450848033,0.7817258429489106,0.5018971833765791,0.22620917377318361,0.22638151495911119
NL,53,1,0.40582075533330575,0.43262761882001916,0.47300225398655954,0.17009471906657977,0.168589853474218
NL,54,1,0.439023243460462,0.6147381863655625,0.48776453126084063,0.23071025578593707,0.2271638342216441
NL,61,1,0.3167648487490818,0.5301664292636828,0.3308665475158188,-0.013889135762186896,-0.13423809506910198
NL,71,1,0.3331243983051253,0.6372285761808674,0.4105905210458029,0.20596962017715875,0.20087113518437769
NL,72,1,0.41119526210452617,0.7307848113671069,0.4575094500060594,0.2140899720390621,0.2167728606257869
NL,73,1,0.40042962539624577,0.7269022129444639,0.456384854714293,0.23414916850506795,0.21952040503363573
NL,74,1,0.3674036290903002,0.6633425769299123,0.43481169523842533,0.2224118426174574,0.21619110908262257
NL,75,1,0.4108341712026623,0.7406838120334722,0.4579269170250981,0.2246267404500776,0.21738428807614973
NL,81,1,0.39624126981065355,0.7117895062622027,0.43538390398814475,0.22437058726212478,0.21652054400345797
NL,82,1,0.38739315321384127,0.7050535529277755,0.4337645591021639,0.21820943119424446,0.21989440056919204
NL,83,1,0.40585575014836567,0.808253662506337,0.44456489639510205,0.21378557589091918,0.20902411239158486
NL,91,1,0.4334190794321419,0.5925691731462134,0.45430632535726523,0.23751047383575535,0.2330230761849543
NL,92,1,0.28673274597514203,0.5111197527503689,0.30509972743342995,-0.07952412668287757,-0.12237825031757464
NL,93,1,0.43742625107137706,0.7949096750273702,0.4887400414994721,0.22517540256953705,0.2150336288425011
NL,94,1,0.4940548275124729,1.1513852293053137,0.549338042121284,0.2935878974242204,0.2731603358466676
NL,96,1,0.42770910734292455,0.6948108429448439,0.4824972937625385,0.23749160297857058,0.22864745822534405
PL,11,1,0.010731310043614427,0.40003173776796264,-0.0037166797021825123,0.2118181998778991,0.22205715776995835
PL,12,1,0.09325034030462434,0.5517078258641576,0.07270438549665151,0.2351971088721207,0.24446408178875306
PL,13,1,-0.005300049633149145,0.523368645869908,-0.009481433472999132,0.21419927690345605,0.2130208675503039
PL,14,1,-0.04796816573856163,0.5874427241139981,-0.15425467323879904,0.2250951925135365,0.25317490005446597
PL,21,1,0.0670565897945236,0.5572649943256816,0.07230275970975804,0.2510045616332321,0.25205294245025983
PL,22,1,0.06453993857144599,0.27520974497636214,0.07006311680486865,0.16974972276168343,0.1721416170252814
PL,23,1,0.21910751104679527,0.502893168111497,0.2985691701957573,0.22139840701865404,0.21847032587873527
PL,24,1,0.15821855171308627,0.5861970746453036,0.11650250255442748,0.24787724640064243,0.2514016893047965
PL,25,1,0.38381083065787247,0.8235866219252704,0.47603796577850543,0.26059705544616285,0.2598746776979377
PL,26,1,0.1158894801781865,0.4895619124452738,0.14473232104994718,0.23042248457553935,0.2152636121063766
PL,31,1,0.002512962618235772,0.4942423116938619,-0.018607221429212905,0.2203518172732104,0.2276955086746763
PL,32,1,0.050021960251994305,0.27337222410284573,0.03837399021883284,0.1699076278536996,0.173028653055236
PL,33,1,0.12027460469579425,0.5149232113106721,0.09434491939065197,0.23722941366971242,0.24331163690461108
PL,34,1,-0.006688317271731557,0.32964567001999123,-0.0035013408235575376,0.17800384014872217,0.1917560116138421
PL,35,1,0.4468503242710186,0.8808888048232391,0.585136012265524,0.26319105244348484,0.25033411023201657
PL,41,1,0.08675118766769242,0.4484820501876699,0.07780851444075795,0.21953613002500572,0.22007888890575802
PL,42,1,0.10152061696590141,0.5729735856431516,0.07376642649359513,0.22662234441182771,0.2562536313099383
PL,43,1,0.028061116898129793,0.5508227541279036,-0.03101492788281968,0.2230467024067739,0.23458491600751655
PL,44,1,0.22825865198098017,0.63372376008914455,0.2432940772256451,0.22825865198098017,0.22342473279847286
PL,51,1,-0.08487119222159856,0.5994756256981435,-0.11479602556982821,0.22498771258969152,0.238314812334843
PL,52,1,0.009987728078708747,0.5733260293610464,-0.17301281543193778,0.2231585163564231,0.22638151495911119
PL,53,1,-0.02159852097630644,0.33383125435456756,-0.0018832732542753685,0.16817427731710935,0.168589853474218
PL,54,1,0.2310762748681676,0.7329237299706471,0.2400666377365312,0.2817867076229115,0.2271638342216441
PL,61,1,0.30516614459366076,0.3136057052036935,0.1973785824006946,-0.18784021483981792,-0.13423809506910198
PL,71,1,-0.2485377464297503,0.4741625562846363,-0.2885271477075364,0.2011813148661817,0.20087113518437769
PL,72,1,-0.04574364868645839,0.5117231639082522,-0.09508804107976909,0.21886627844594017,0.2167728606257869
PL,73,1,-0.06062462181643483,0.5212969236332862,-0.06396208189543273,0.22072107126613294,0.21952040503363573
PL,74,1,-0.059809752287238296,0.4594538437009126,-0.11525746791227845,0.223699011903861,0.21619110908262257
PL,75,1,-0.06850363105375591,0.5156359621161062,-0.07261242558539832,0.2182534248807665,0.21738428807614973
PL,81,1,-0.03584107661127905,0.43571830185787636,-0.05811295752317002,0.21661410035286896,0.21652054400345797
PL,82,1,-0.060624621816434826,0.5212969236332862,-0.06396208189543273,0.22072107126613294,0.21989440056919204
PL,83,1,0.10319210116851453,0.5526688557889847,0.09176297200751667,0.2144166344723215,0.20902411239158486
PL,91,1,0.1458630406840441,0.6001761213675784,0.1563104092764888,0.24260510965843768,0.2330230761849543
PL,92,1,0.30538164955118174,0.30538164955118174,0.1962868134769611,-0.19415601444095743,-0.12237825031757464
PL,93,1,-0.08872142587125657,0.5226993413639137,-0.13046921431342784,0.2152925805341493,0.2150336288425011
PL,94,1,0.07058247422129851,0.7726737039740367,0.050524244050880004,0.27796101101508275,0.2731603358466676
PL,96,1,0.04496477986834277,0.5146266970926575,0.08114855170282641,0.23993301752810237,0.22864745822534405
PT,11,1,0.3677293899169077,0.8321977339925383,0.38229912135024413,0.22511379665705714,0.22205715776995835
PT,12,1,0.4384716551980648,0.7843547046132631,0.46655199292536154,0.23465180749997697,0.24446408178875306
PT,13,0.9576185671039354,0.3369566086586209,0.7469962393735515,0.33544443960989334,0.19699921965459613,0.2130208675503039
PT,14,1,0.5155079410839842,1.1852142708043394,0.4981209674634054,0.2532315045445889,0.25317490005446597
PT,21,1,0.38575451373439595,0.7737755199867798,0.40278531255984146,0.2511987403204918,0.25205294245025983
PT,22,1,0.09050848666113266,0.7929676869730169,0.06346613755446762,0.17407218980595301,0.1721416170252814
PT,23,1,0.48316358235267287,0.8823891801984736,0.2982832163105215,0.21955698497145604,0.21847032587873527
PT,24,1,0.4328332422546709,0.7594585413322188,0.4481694332920964,0.26616190699561587,0.2514016893047965
PT,25,1,0.34028373760401487,0.6019762619953634,0.42935978520235973,0.25777910546623245,0.2598746776979377
PT,26,1,0.27390262735709614,0.7462649403181433,0.2761463556879137,0.22001390270829144,0.2152636121063766
PT,31,0.9643231899265478,0.3546716956176217,0.7937260689197587,0.36954902892603897,0.22626275690172892,0.2276955086746763
PT,32,1,0.21423003659346035,0.8138743256899493,0.19462991880199199,0.1787483340069187,0.173028653055236
PT,33,1,0.4497913146601667,0.7886393286931476,0.45856225691301034,0.248519038617274,0.24331163690461108
PT,34,1,0.2672224658307786,0.9587197532318253,0.2490917009593053,0.19643737759795926,0.1917560116138421
PT,35,1,0.2924472707240352,0.595826635554839,0.3903258890237154,0.2555179045837112,0.25033411023201657
PT,41,0.9787485242030697,0.34360908668979884,0.8051674610254651,0.3371412504152067,0.21016793361103142,0.22007888890575802
PT,42,1,0.39828993580763267,0.9190888236139888,0.3824387492443771,0.25721156278742874,0.2562536313099383
PT,43,1,0.2967478092754203,0.8105863827341713,0.3178214436883064,0.22098766791026872,0.23458491600751655
PT,44,1,-0.16430305129127637,0.7672551527136672,-0.12439114406121199,0.22825865198098014,0.22342473279847286
PT,51,1,0.23365899326031309,1.2883471350122402,0.19383967775542382,0.23570714667555792,0.238314812334843
PT,52,1,0.5714537549283376,0.9774010813527144,0.5737894528003301,0.2355157653919502,0.22638151495911119
PT,53,1,0.15808876912131395,0.8823891801984737,0.0727107359475129,0.17999600794287077,0.168589853474218
PT,54,1,0.5707806014827291,0.7335436480590705,0.5719878652724286,0.22865962197224926,0.2271638342216441
PT,71,1,0.2912433831858068,0.7526288047719,0.28546875656414405,0.19846179205617673,0.20087113518437769
PT,72,1,0.4136549423934284,0.8276003932819087,0.4309857020841733,0.21968695266343843,0.2167728606257869
PT,73,1,0.36772478012531734,0.8303483020734305,0.38779047519614634,0.22072107126613294,0.21952040503363573
PT,74,1,0.3413258212424445,0.7679870454983927,0.3509159354729623,0.21048397780119663,0.21619110908262257
PT,75,1,0.37139070104700145,0.8336636153718391,0.389931177835988,0.2170432131054134,0.21738428807614973
PT,81,1,0.36772478012531734,0.8303483020734304,0.3877904751961463,0.22072107126613294,0.21652054400345797
PT,82,1,0.36772478012531734,0.8303483020734304,0.3877904751961463,0.22072107126613294,0.21989440056919204
PT,83,0.904510556621881,0.06495606168007648,0.7753842201924819,0.09082081841288044,0.19215320267554264,0.20902411239158486
PT,91,1,0.10807351951506763,0.9285594272027183,0.09639898407347168,0.19818183252261803,0.2330230761849543
PT,93,1,0.4123682128043006,0.8102375060291355,0.4230901355494386,0.21473295815823995,0.2150336288425011
PT,94,1,0.3902533947769821,1.5968591302272404,0.3191331807266656,0.26338099038126034,0.2731603358466676
PT,95,1,0.6190392084062233,0.8421827597204331,0.6315868471820085,0.2201040282760187,0.2228967393588779
PT,96,0.805045871559633,0.5373906626163554,0.8524228098060309,0.5472809783218937,0.22005786678216452,0.22864745822534405
RO,11,1,-0.22234033849159854,0.09302910775835757,-0.15831832011941335,0.23127621083386238,0.22205715776995835
RO,12,1,-0.3022808718729337,0,-0.31150028031625787,0.2201040282760187,0.24446408178875306
RO,13,1,-0.2675126472010602,0.16585587611680316,-0.25472684689298636,0.20943929220137836,0.2130208675503039
RO,14,1,-0.3665212503640093,0,-0.35119134578583727,0.24199019023422222,0.25317490005446597
RO,21,1,-0.15312208236158162,0.2800491533840024,-0.13968245012255506,0.2084914403606103,0.25205294245025983
RO,22,1,-0.30157856642348946,-0.091865115665058,-0.317638761279601,0.16880430797598098,0.1721416170252814
RO,23,1,-0.22314355131420982,0.08701137698962969,-0.11050536539122202,0.22314355131420974,0.21847032587873527
RO,24,1,-0.12733557564940143,0.28067032170166145,-0.10225467738446649,0.2502867199100872,0.2514016893047965
RO,25,1,-0.014812841217144466,0.2337906938132706,0.16885560951013429,0.25898391145094213,0.2598746776979377
RO,26,1,-0.17907699705876853,0.13352978717472774,-0.13264135023002388,0.22466873370483464,0.2152636121063766
RO,31,1,-0.21335063449256242,0.30271039833724045,-0.22899513845232836,0.14025679095468907,0.2276955086746763
RO,32,1,-0.3016177129579965,-0.0867445503565822,-0.31729660209937166,0.17166375648590976,0.173028653055236
RO,33,1,-0.13494659435332226,0.26217828406312327,-0.12455077233024513,0.24532471476279705,0.24331163690461108
RO,34,1,-0.23505338614240032,0.07346427489992195,-0.17494248369399323,0.18779218475592827,0.1917560116138421
RO,35,1,0,0.2113090936672069,0.2112147691720088,0.26319105244348484,0.25033411023201657
RO,41,1,-0.32138846867412424,0.0037845718672496107,-0.26701659000209776,0.21063576280695342,0.22007888890575802
RO,42,1,-0.1535165694550199,0.3727276118464689,-0.10406317605428927,0.26206634349325075,0.2562536313099383
RO,43,1,-0.1948752861949821,0.18846584210053513,-0.2178280072414397,0.22258876045184647,0.23458491600751655
RO,44,1,-0.06595796779179747,0.25782910930209973,-0.07028120663224335,0.22825865198098017,0.22342473279847286
RO,51,1,-0.39196698733534174,0.09248037169015406,-0.3247946886454166,0.23701632430587613,0.238314812334843
RO,52,1,-0.29836399492152355,0.012058252916396282,-0.3067696500745355,0.21966709041021745,0.22638151495911119
RO,53,1,-0.3259636400707834,-0.11079649970926282,-0.31056812543471496,0.17035988245334832,0.168589853474218
RO,54,1,-0.22952591168207737,-0.056466672198664566,-0.1648709374091935,0.2633950871202948,0.2271638342216441
RO,61,1,-0.28768207245178085,0.14310084364067333,-0.2384110234449981,-0.19415601444095743,-0.13423809506910198
RO,62,1,-0.28768207245178085,0.14310084364067333,-0.2384110234449981,-0.1941560144409574,-0.1902438371621748
RO,71,1,-0.3304481099095882,0.042153586917902414,-0.25001657638310204,0.19750833499882722,0.20087113518437769
RO,72,1,-0.20745988873951782,0.2344277016891868,-0.23220808080427843,0.19899604037007995,0.2167728606257869
RO,73,1,-0.14953173397096362,0.4382549309311554,-0.21638980046733458,0.22072107126613294,0.21952040503363573
RO,74,1,-0.025175518882949145,0.5033433264463633,-0.03362680564546264,0.2423075921458943,0.21619110908262257
RO,75,1,-0.15386650680331682,0.425817966675001,-0.21908888165223644,0.22070356058668375,0.21738428807614973
RO,81,1,-0.1411808237904263,0.4212370121876441,-0.20414707938656096,0.2197164651699577,0.21652054400345797
RO,82,1,-0.14953173397096362,0.4382549309311554,-0.21638980046733458,0.22072107126613294,0.21989440056919204
RO,83,1,-0.14087033155865727,0.2182421142726976,-0.13959013941940462,0.1980399772232754,0.20902411239158486
RO,91,1,-0.23571075160312027,0.07055031750503309,-0.1887526052209742,0.21954060517679921,0.2330230761849543
RO,92,1,-0.28768207245178085,0.14310084364067333,-0.2384110234449981,-0.19415601444095743,-0.12237825031757464
RO,93,1,-0.2516427599306996,0.18489753644247187,-0.2415648621442032,0.2104707337985631,0.2150336288425011
RO,94,1,-0.5465437063680698,NA,-0.4624186339040772,0.30332234176825773,0.2731603358466676
RO,96,1,0.04957607812091099,0.31184147834550646,0.06559979290800996,0.25301058579076824,0.22864745822534405
SE,11,1,0.2595986229962671,0.3904138239580539,0.32183320616499733,0.20473076026051493,0.22205715776995835
SE,12,1,0.28251603132121095,0.6007637815427879,0.3415700992565791,0.26251040627652444,0.24446408178875306
SE,13,1,0.26692747919819904,0.5564356015360726,0.3123075036197481,0.21270699190389933,0.2130208675503039
SE,14,1,0.29247327069347534,0.7903484339313404,0.3306127368434714,0.257665601681076,0.25317490005446597
SE,21,1,0.28262551184610246,0.627119186726036,0.33917814569646076,0.2635204850300072,0.25205294245025983
SE,22,1,0.39526884411829355,0.5658454437499125,0.48888696985877594,0.17324119114990064,0.1721416170252814
SE,23,1,0.13246615436471448,0.34867536988861075,0.08089533550797444,0.22195766809773482,0.21847032587873527
SE,24,1,0.2673894446618406,0.5365174519401215,0.32787917725432975,0.24571841641710246,0.2514016893047965
SE,25,1,0.21538973713508128,0.5650201476365113,0.32037266924680774,0.2643644346224997,0.2598746776979377
SE,26,1,0.2647694247778288,0.42791854731000195,0.3328331641877292,0.2038768073977371,0.2152636121063766
SE,31,1,0.30252426338443006,0.6633586581473028,0.35525663331207413,0.2538890666582984,0.2276955086746763
SE,32,1,0.3614085367464533,0.5502669588108174,0.4372849759236726,0.18956289281265143,0.173028653055236
SE,33,1,0.2867011320522797,0.56054621149002,0.34215406471886717,0.24776287592894372,0.24331163690461108
SE,34,1,0.25970875500175394,0.3567892321792518,0.3057885641243333,0.18009725241765162,0.1917560116138421
SE,35,1,0.2260672624976339,0.5150234425681038,0.3284345381937931,0.24537614823833082,0.25033411023201657
SE,41,1,0.28792923155896666,0.5062764376054997,0.33415424726787835,0.22151557025641086,0.22007888890575802
SE,42,1,0.3361670055100169,0.6127666670356824,0.3887701960566758,0.2567583246873477,0.2562536313099383
SE,43,1,0.26316099885343636,0.6128594285516834,0.29950074929544407,0.24821591764125028,0.23458491600751655
SE,44,1,0.027848985952568198,0.43302375993795983,0.030566831662491304,0.19827173944875992,0.22342473279847286
SE,51,1,0.21090806962226613,0.6125793256201174,0.24446306291111594,0.24609053138132309,0.238314812334843
SE,52,1,0.37279844712504506,0.6180816722531497,0.4071172865358926,0.22771638525681873,0.22638151495911119
SE,53,1,0.34394900188295074,0.5100732652895417,0.41023624796496017,0.17443554326904562,0.168589853474218
SE,54,1,0.29085434126047194,0.4323290127101004,0.3528143047919678,0.21116815911948827,0.2271638342216441
SE,61,1,0.22671274720174533,0.19375785715770563,0.28320508464688837,-0.08140187487228431,-0.13423809506910198
SE,62,1,0.19337139298053962,0.1414116540498286,0.25602909081590486,-0.19415601444095743,-0.1902438371621748
SE,71,1,0.32929440411960786,0.7350361803910668,0.3886737975951783,0.2097340655896162,0.20087113518437769
SE,72,1,0.2967597265511854,0.6340790595640552,0.31780774170091414,0.22369592922024603,0.2167728606257869
SE,73,1,0.24231346742193005,0.6317782341836531,0.24893399072193922,0.22072107126613294,0.21952040503363573
SE,74,1,0.3316238495322297,0.7137041454349087,0.384143034756252,0.2200876000345216,0.21619110908262257
SE,75,1,0.2905432267627145,0.6220380297229092,0.3052966649696449,0.22053160578369121,0.21738428807614973
SE,81,1,0.26240656600058354,0.6421711558510493,0.2753472725401604,0.2266769890138319,0.21652054400345797
SE,82,1,0.2629536566987772,0.6353251261300913,0.2731414133188329,0.23122910279704184,0.21989440056919204
SE,83,1,0.0885406054625016,0.579033059377367,0.10397218414023653,0.1850355512443604,0.20902411239158486
SE,91,1,0.3641254869647671,0.6438432897076776,0.40644084802712216,0.27932702773078905,0.2330230761849543
SE,93,1,0.27097207312266924,0.6184982789181482,0.28954807488236944,0.24223724872188443,0.2150336288425011
SE,94,1,0.17470438671153785,0.8837082567287504,0.2073974348783172,0.2804875138331322,0.2731603358466676
SE,96,1,0.4405564279194344,0.5146644000731563,0.5857551761384583,0.24946085963158302,0.22864745822534405
SI,11,1,0.14310084364067333,0.251314428280906,0.24881387538569655,0.1823215567939548,0.22205715776995835
SI,12,1,0.18949745398169365,0.5455116777103836,0.2338477721573578,0.2661160134349861,0.24446408178875306
SI,13,1,0.3872827890249738,0.7023638356648692,0.4691057066516313,0.3176494368130295,0.2130208675503039
SI,14,1,0.012903404835907795,0.4054651081081644,0.02379604493032783,0.2201040282760187,0.25317490005446597
SI,21,1,0.3339626279280777,0.5609115415018119,0.4308817823126521,0.27194819115465524,0.25205294245025983
SI,22,1,-0.05430143450586404,0.34493029005276465,0.019051398883496867,0.17205306409384008,0.1721416170252814
SI,23,1,0.3184537311185348,0.31845373111853464,0.42668333126177416,0.22314355131420974,0.21847032587873527
SI,24,1,0.2648599256397565,0.50422656227432,0.3307775571070057,0.2545732846896204,0.2514016893047965
SI,25,1,0.4894448537383343,0.5758331531756585,0.5921028222264272,0.2715159010095299,0.2598746776979377
SI,26,1,0.2154391661084147,0.4570435891248367,0.26489179218673325,0.22595846200236,0.2152636121063766
SI,31,1,0.2956148673279433,0.5937635866503437,0.39250277294653485,0.2755343542724829,0.2276955086746763
SI,32,1,-0.0870113769896298,0.3184537311185347,-0.014285957247476057,0.16126814759612235,0.173028653055236
SI,33,1,0.1635956151441869,0.4687187161341751,0.18831016047494115,0.23844083488702583,0.24331163690461108
SI,34,1,0.1492718916289581,0.2758021295407008,0.16892595148306355,0.1677860863451935,0.1917560116138421
SI,35,1,0.5078801135362339,0.5530005488167032,0.6142977904504505,0.26319105244348484,0.25033411023201657
SI,41,1,0.10776670159526179,0.36693118385163215,0.18392834601954108,0.206782797473814,0.22007888890575802
SI,42,1,0.20958853156986967,0.4424482252097526,0.1467965910588995,0.22204822595735701,0.2562536313099383
SI,43,1,0.08130137791672638,0.3949728704054231,0.02379604493032783,0.22251779689268725,0.23458491600751655
SI,44,1,0.24397763821705165,0.37001835911241665,NA,0.22825865198098017,0.22342473279847286
SI,51,1,0.28170305121194944,0.5738941871127683,0.31474510253893045,0.24453329153816092,0.238314812334843
SI,52,1,0.012903404835907795,0.40546510810816444,0.02379604493032783,0.2201040282760187,0.22638151495911119
SI,53,1,0.007763302292847088,0.30530080218591066,0.06604102555015456,0.16662161911665496,0.168589853474218
SI,54,1,0.23628427963649834,0.39645308084135833,0.2723024269133533,0.23436189488333184,0.2271638342216441
SI,71,1,0.12981161152199072,0.4341330029777364,0.2824179359153085,0.19437383191336338,0.20087113518437769
SI,72,1,0.012903404835907793,0.40546510810816433,0.02379604493032783,0.2201040282760187,0.2167728606257869
SI,74,1,0.12981161152199072,0.4341330029777364,0.2824179359153085,0.19437383191336338,0.21619110908262257
SI,75,1,0.012903404835907795,0.4054651081081644,0.02379604493032783,0.2201040282760187,0.21738428807614973
SI,83,1,0.2064431925674339,0.3838417973964718,NA,0.2217666928381264,0.20902411239158486
SI,91,1,0.26783317702696,0.4956294806474647,0.29508838445011026,0.2543009158483255,0.2330230761849543
SI,93,1,0.25294243869199806,0.5324085061974544,0.2964764674103098,0.25419146343200594,0.2150336288425011
SI,94,1,0.4119797891293582,0.7884573603642702,0.45159599344435364,0.30332234176825773,0.2731603358466676
SI,96,1,0.25489224962879004,0.9808292530117264,0.34911217155703334,0.24946085963158307,0.22864745822534405
SK,11,1,0.04879016416943199,0.15415067982725827,0.05591908938248391,0.1823215567939548,0.22205715776995835
SK,12,1,-0.06899287148695143,0.38776553100876354,-0.09625179945958706,0.22072107126613294,0.24446408178875306
SK,13,1,-0.24044269120899966,0.42896881214394794,-0.2707230772423672,0.22397797102152225,0.2130208675503039
SK,14,1,-0.042648281418604175,0.128357060403505,-0.06821680831103132,0.2529839912991761,0.25317490005446597
SK,21,1,0.42878863852153837,1.3735800636148514,0.41405392843660976,0.28402852773034215,0.25205294245025983
SK,22,1,0.018896310421106653,0.13075792708369657,0.015725427144949976,0.17257285829444302,0.1721416170252814
SK,23,1,0.6931471805599452,0.6931471805599452,0.40022675144657605,0.22314355131420974,0.21847032587873527
SK,24,1,0.313216248493394,0.8520986803814867,0.23996754579821383,0.2944721947483797,0.2514016893047965
SK,25,1,-0.04967864283990582,0.5354617195655466,-0.007576605876517313,0.25722176937477864,0.2598746776979377
SK,26,1,0.26769306533469067,0.6623398271205329,0.22451931873248307,0.21220115931388037,0.2152636121063766
SK,31,1,-0.2621230152561623,0.41600027151374486,-0.31827382661598813,0.22191469418638282,0.2276955086746763
SK,32,1,-0.008368249670516636,0.10629465864962317,-0.003985233362364227,0.16126814759612235,0.173028653055236
SK,33,1,0.1758575027757265,0.5858189603501862,0.14126509068566137,0.24227470802927772,0.24331163690461108
SK,34,1,-0.20067069546215127,-0.054067221270275745,-0.18266233035322446,0.13230053187787538,0.1917560116138421
SK,35,1,-0.046520015634893,0.5596157879354225,0.0069252354333144694,0.26319105244348484,0.25033411023201657
SK,41,1,0.038357532574635415,0.21438495918992787,0.03176985275539841,0.19617117443969492,0.22007888890575802
SK,42,1,0.0870113769896298,0.2876820724517808,-0.0571819341203117,0.31015492830383945,0.2562536313099383
SK,43,1,0.05106892526397766,0.43788250882558843,0.03219752430070991,0.2278196603880119,0.23458491600751655
SK,44,1,-0.1655144384775734,0.17435338714477783,-0.17007743133887576,0.22825865198098017,0.22342473279847286
SK,51,1,-0.09095526182006174,0.12637521863251036,-0.14409005380164633,0.23939746184822677,0.238314812334843
SK,52,1,0.13353139262452274,0.2336148511815053,0.09859979518706652,0.22010402827601872,0.22638151495911119
SK,53,1,0.16687860154765732,0.25290143420636924,0.09972776189410353,0.1783497503935081,0.168589853474218
SK,54,1,0.08039831886677988,0.27579021225970757,0.03222530044142955,0.22499463402724398,0.2271638342216441
SK,61,1,-0.7339691750802004,0.1823215567939548,-0.7956087615218949,-0.19415601444095745,-0.13423809506910198
SK,62,1,-0.7339691750802004,0.1823215567939548,-0.795608761521895,-0.19415601444095743,-0.1902438371621748
SK,71,1,-0.7291058649393085,0.599936858420754,-0.845538232348563,0.19751040802678832,0.20087113518437769
SK,72,1,-0.14575644608827096,0.40036589156858104,-0.188134183889417,0.2169729300353097,0.2167728606257869
SK,74,1,-0.5800762422988454,0.5520362517473947,-0.6763764745121417,0.20275053572932547,0.21619110908262257
SK,75,1,-0.06899287148695143,0.38776553100876354,-0.09625179945958706,0.22072107126613294,0.21738428807614973
SK,81,1,-0.06899287148695143,0.38776553100876354,-0.09625179945958705,0.22072107126613294,0.21652054400345797
SK,82,1,-0.12356272940630902,0.4053051936214939,-0.15819339823013873,0.21880230492196384,0.21989440056919204
SK,83,1,-0.29138884949466715,0.27814518201931693,-0.3226946294447076,0.18725297216003936,0.20902411239158486
SK,91,1,0.4841851375125736,0.5183400463738919,0.27982318150348745,0.2047125799939284,0.2330230761849543
SK,93,1,-0.35373269143228575,0.46730357846239945,-0.4241698950558343,0.2096680185514917,0.2150336288425011
SK,94,1,-0.31237468504215243,-0.03278982282299097,-0.3236085995072342,0.30332234176825773,0.2731603358466676
EL,13,NA,NA,NA,0.5922463109589641,0.2064257085245951,0.2130208675503039
EL,23,NA,NA,NA,0.2578758854456611,0.22023242014704522,0.21847032587873527
EL,71,NA,NA,NA,2.528184863747184,0.19967385685086442,0.20087113518437769
EL,83,NA,NA,NA,0.22603454132892348,0.23198587598860754,0.20902411239158486
AT,61,NA,NA,NA,NA,-0.16166072122903477,-0.13423809506910198
BE,61,NA,NA,NA,NA,-0.06254941055644811,-0.13423809506910198
CY,61,NA,NA,NA,NA,-0.14552590550228153,-0.13423809506910198
CY,92,NA,NA,NA,NA,-0.19415601444095743,-0.12237825031757464
DK,13,NA,NA,NA,NA,0.1982287631622155,0.2130208675503039
DK,22,NA,NA,NA,NA,0.16737880343871697,0.1721416170252814
DK,23,NA,NA,NA,NA,0.20976999217318548,0.21847032587873527
DK,26,NA,NA,NA,NA,0.2077673528092944,0.2152636121063766
DK,32,NA,NA,NA,NA,0.17681340602895113,0.173028653055236
DK,34,NA,NA,NA,NA,0.18400228517959025,0.1917560116138421
DK,41,NA,NA,NA,NA,0.21386465726543502,0.22007888890575802
DK,53,NA,NA,NA,NA,0.16847417810707796,0.168589853474218
DK,54,NA,NA,NA,NA,0.20653323181993447,0.2271638342216441
DK,61,NA,NA,NA,NA,-0.1053920625295707,-0.13423809506910198
DK,62,NA,NA,NA,NA,-0.19415601444095743,-0.1902438371621748
DK,92,NA,NA,NA,NA,-0.0757521947200438,-0.12237825031757464
EL,61,NA,NA,NA,NA,-0.19415601444095743,-0.13423809506910198
EL,62,NA,NA,NA,NA,-0.19415601444095743,-0.1902438371621748
EL,92,NA,NA,NA,NA,-0.19415601444095743,-0.12237825031757464
ES,61,NA,NA,NA,NA,-0.07908561019657208,-0.13423809506910198
ES,62,NA,NA,NA,NA,-0.165868940415474,-0.1902438371621748
ES,92,NA,NA,NA,NA,-0.1450970377804115,-0.12237825031757464
FI,11,NA,NA,NA,NA,0.1487008679159342,0.22205715776995835
FI,61,NA,NA,NA,NA,-0.19415601444095743,-0.13423809506910198
FI,62,NA,NA,NA,NA,-0.19415601444095743,-0.1902438371621748
FI,92,NA,NA,NA,NA,-0.19415601444095743,-0.12237825031757464
FR,22,NA,NA,NA,NA,0.17279793771433438,0.1721416170252814
FR,32,NA,NA,NA,NA,0.1763403457113741,0.173028653055236
FR,53,NA,NA,NA,NA,0.16620358925530215,0.168589853474218
FR,61,NA,NA,NA,NA,-0.0901738282184227,-0.13423809506910198
FR,62,NA,NA,NA,NA,-0.19415601444095743,-0.1902438371621748
FR,92,NA,NA,NA,NA,-0.006128495698492854,-0.12237825031757464
IE,61,NA,NA,NA,NA,-0.19415601444095743,-0.13423809506910198
IE,92,NA,NA,NA,NA,-0.1941560144409574,-0.12237825031757464
IT,22,NA,NA,NA,NA,0.18234725572932414,0.1721416170252814
IT,32,NA,NA,NA,NA,0.17565099731824313,0.173028653055236
IT,53,NA,NA,NA,NA,0.1533127118454153,0.168589853474218
IT,61,NA,NA,NA,NA,-0.12402374709723965,-0.13423809506910198
IT,62,NA,NA,NA,NA,-0.19415601444095743,-0.1902438371621748
IT,92,NA,NA,NA,NA,-0.1273518091000861,-0.12237825031757464
PT,61,NA,NA,NA,NA,-0.1250255384428161,-0.13423809506910198
PT,62,NA,NA,NA,NA,-0.19415601444095743,-0.1902438371621748
PT,92,NA,NA,NA,NA,-0.19415601444095743,-0.12237825031757464
SI,61,NA,NA,NA,NA,-0.19415601444095743,-0.13423809506910198
SI,92,NA,NA,NA,NA,-0.19415601444095743,-0.12237825031757464
