anzsco_4digit,anzsco_title,rs_surprise_h6,rs_surprise_h12,rs_surprise_h18,rs_placebo_h6,rs_placebo_h12,rs_placebo_h18,rs_broad_h6,rs_broad_h12,rs_broad_h18,rate_sens_rba,rate_sens_rba_broad
1111,Chief Executives and Managing Directors,0.6920809582831478,0.8324450271842689,0.8018321557507407,0.7938720893806193,0.9716562363064054,0.7676176754098658,0.3742347900234826,0.7532350593271411,0.47842219671782305,0.8324450271842689,0.7532350593271411
1112,General Managers,0.6717756433214109,0.8574702749956362,0.7507532786489385,0.6843386734213812,0.9146127564270173,0.6715364375626371,0.3745399712245317,0.7512608480343596,0.46936047385981566,0.8574702749956362,0.7512608480343596
1213,Livestock Farmers,0.5819494958248618,0.8468225481010708,0.7217975191063156,0.7055583845229143,0.9602355375588887,0.7063816881965979,0.38618639139809097,0.7418142868047571,0.45232710274295806,0.8468225481010708,0.7418142868047571
1214,Mixed Crop and Livestock Farmers,0.5267752668685346,0.7467105960353998,0.770555182558664,0.7132353792609674,0.9374998172113369,0.6844452472242875,0.39678617662117177,0.7581482175591273,0.4818059374649012,0.7467105960353998,0.7581482175591273
1311,Advertising and Sales Managers,0.6778127586870026,0.8390216508699654,0.7626496938016945,0.7263062318613576,0.9425514270023849,0.7001160307450273,0.3604260838944471,0.7169123036306938,0.46274215494402804,0.8390216508699654,0.7169123036306938
1321,Corporate Services Managers,0.6909754914032342,0.8218272811338435,0.7658277424936333,0.7329412787793288,0.9381577345608547,0.704348059176774,0.3796933065050882,0.7257096877769881,0.4488028804667625,0.8218272811338435,0.7257096877769881
1322,Finance Managers,0.6782574665906275,0.8461084663019406,0.7663092794655968,0.7171198761160352,0.9544467476418164,0.7116933213380982,0.357358558310976,0.7082018231380903,0.4367602212338605,0.8461084663019406,0.7082018231380903
1323,Human Resource Managers,0.673444733980811,0.8517919253700447,0.7788562833725491,0.7216751316588722,0.9550110479532217,0.7008489843313335,0.3340129605382407,0.702941864829641,0.46503580804672934,0.8517919253700447,0.702941864829641
1324,Policy and Planning Managers,0.6821055475640481,0.858749035734225,0.7965164666669521,0.7546517484624736,0.9506262732294967,0.7156057145501808,0.38042587389246074,0.7403246110291731,0.4729350666207856,0.858749035734225,0.7403246110291731
1325,Research and Development Managers,0.6992607939742964,0.8797688906271038,0.7606310290258177,0.6982235854232511,0.9183205560924352,0.6798406500783396,0.345809389483205,0.718421921126114,0.47732134286048233,0.8797688906271038,0.718421921126114
1331,Construction Managers,0.6870406104807761,0.8739296467820992,0.8132805561362714,0.7222033380304889,0.926084844411623,0.6764264009064702,0.35455917743284626,0.7008806062338736,0.43883754094941874,0.8739296467820992,0.7008806062338736
1332,Engineering Managers,0.6627849565692677,0.9144406750712509,0.8149140942981576,0.7152315546873405,0.9492175365708901,0.7196977681567155,0.36247761259377903,0.6178857576427295,0.29017197694301067,0.9144406750712509,0.6178857576427295
1333,"Importers, Exporters and Wholesalers",0.7783310000590082,1,0.7240727921809793,0.44052189469543496,0.8055485566087336,0.574414039302447,0.3844830250042904,0.746165758347907,0.48862349581475545,1,0.746165758347907
1334,Manufacturers,0.5449833764707992,0.6170374242545552,0.5664194648612076,0.5371358239568182,0.8580860277764306,0.587176297977267,0.35263612101883196,0.6860085123880426,0.42057237212600734,0.6170374242545552,0.6860085123880426
1335,Production Managers,0.6650646333905613,0.8600201454730848,0.7556328326037797,0.7055358717690196,0.9316313652294181,0.6902256782812263,0.3690632964003036,0.7318394690795301,0.4611994002097596,0.8600201454730848,0.7318394690795301
1336,"Supply, Distribution and Procurement Managers",0.6921838770215769,0.8417567480285881,0.8088606866081538,0.7469167335173933,0.9298992212158909,0.7138095556146747,0.35448546238333867,0.7088864742541252,0.4501920231292471,0.8417567480285881,0.7088864742541252
1341,Child Care Centre Managers,0.6363479745666273,0.7882603747066425,0.7145704698811192,0.6699792241578341,0.9039002086309305,0.6570132492174033,0.39523535263080833,0.751874141151478,0.48795604569457457,0.7882603747066425,0.751874141151478
1342,Health and Welfare Services Managers,0.6556073836416225,0.8002313482117887,0.7394248614955392,0.7241131982414178,0.9534882118643832,0.7190691566720668,0.3853339918425084,0.7583996018688514,0.47055825234595067,0.8002313482117887,0.7583996018688514
1343,School Principals,1,0.84716253769258,0.9811386409317792,0.6480745929095382,0.8331820822041841,0.747219991849858,0.3444300203774929,0.782063179543839,0.43644190572121333,0.84716253769258,0.782063179543839
1344,Other Education Managers,0.7467619468372032,0.9260693876347414,0.8508659390920944,0.7810833161412719,0.9310896863026572,0.7823031290233764,0.3812937205205434,0.742765706749004,0.46387474150005326,0.9260693876347414,0.742765706749004
1351,ICT Managers,0.6722967593056185,0.8488579861709402,0.801369348289483,0.6939620132894958,0.9163009412429323,0.7034375698982525,0.4037375333223046,0.7689036844694132,0.5163522454151728,0.8488579861709402,0.7689036844694132
1399,Other Specialist Managers,0.6977949046331654,0.8633087318053635,0.8305252544078827,0.7485164360189152,0.9332998909549546,0.732526347812295,0.37444949242027004,0.7264449290201446,0.45764974225536165,0.8633087318053635,0.7264449290201446
1411,Cafe and Restaurant Managers,0.6549547539758912,0.7719795143360266,0.7272969315794886,0.6988482699220272,0.9296607711470425,0.7055618973698854,0.3856838336477638,0.7350872131349266,0.4715574862512391,0.7719795143360266,0.7350872131349266
1413,Hotel and Motel Managers,0.69001612838199,0.8183814130683209,0.8037833175377272,0.7680538757233389,0.9631099544626489,0.7687500945161334,0.3781100241954916,0.7430554931905676,0.4753389268528522,0.8183814130683209,0.7430554931905676
1414,Licensed Club Managers,0.626770035414163,0.8032975869764557,0.7344739851347066,0.6758446685570842,0.8858358050423443,0.6336176049155768,0.40092854911819514,0.7765291008653192,0.5028368804495943,0.8032975869764557,0.7765291008653192
1419,Other Accommodation and Hospitality Managers,0.5491969623430348,0.6077202503759054,0.6041382460584019,0.7020385077350199,0.9351628769132644,0.6641563485478176,0.4054873955128912,0.7604409573734283,0.46730783405625714,0.6077202503759054,0.7604409573734283
1421,Retail Managers,0.694456313703463,0.8339580758409056,0.7880677392583038,0.7600032178305229,0.9411367438460981,0.7350114312266941,0.3782436956141172,0.742997997280663,0.465307382354294,0.8339580758409056,0.742997997280663
1491,"Amusement, Fitness and Sports Centre Managers",0.6564264872499966,0.7559512494493716,0.7420652047125604,0.6985187277583549,0.8940997685082818,0.7174044950437334,0.40433429453075215,0.7680392419662484,0.531719714481656,0.7559512494493716,0.7680392419662484
1492,Call or Contact Centre and Customer Service Managers,0.6326559236909742,0.8228613660448459,0.751328595392923,0.6833471142931268,0.9391837345955371,0.6659776932267754,0.3777844715666558,0.7314382982056241,0.4633740416849708,0.8228613660448459,0.7314382982056241
1493,Conference and Event Organisers,0.6803850866941911,0.8734298991099724,0.770938449537101,0.7217511787776549,0.949891708491359,0.6894765416353409,0.34794480011400847,0.6997725980077565,0.4780183697590316,0.8734298991099724,0.6997725980077565
1494,Transport Services Managers,0.6694119259018377,0.8227490654904275,0.8261443344693832,0.777037506492872,0.92354201042084,0.6837432907950494,0.3528342495032725,0.754016141931183,0.4829398658752953,0.8227490654904275,0.754016141931183
1499,"Other Hospitality, Retail and Service Managers",0.6661574717792684,0.8586236199974164,0.7932540419073686,0.7258478112559202,0.9368583955326676,0.6918634316071596,0.3646723776746347,0.7210703679265987,0.4502813893536715,0.8586236199974164,0.7210703679265987
2111,"Actors, Dancers and Other Entertainers",0.6795802383974908,0.835894311699483,0.7806674672286241,0.7937204464607918,0.9637987611932048,0.7257342574648014,0.36930816661593907,0.7166263931449403,0.4263337483917657,0.835894311699483,0.7166263931449403
2113,Photographers,0.7119099267121948,0.7649486651591665,0.7548475077550133,0.7686511905564676,0.8957531303070269,0.7412235907211603,0.41273805192805646,0.7927990825168926,0.4920387449771729,0.7649486651591665,0.7927990825168926
2121,"Artistic Directors, and Media Producers and Presenters",0.8112932503119981,0.8562603150644535,0.9118823532588697,0.7300688558749276,0.8690285289972774,0.6908216724753287,0.36135600766181153,0.7248285172866586,0.49877084933226984,0.8562603150644535,0.7248285172866586
2122,"Authors, and Book and Script Editors",0.6614333810405973,0.7596651994557869,0.7930990323124301,0.729288520999651,0.857401276761695,0.5748008701261416,0.3787379887616726,0.7496090151989568,0.45214222018476335,0.7596651994557869,0.7496090151989568
2123,"Film, Television, Radio and Stage Directors",0.5912608954831537,0.5798836165380215,0.7298322295294299,0.7893832551312358,0.9680872248184382,0.7587465050485163,0.3662333725621631,0.7756328578539036,0.5049591209991208,0.5798836165380215,0.7756328578539036
2124,Journalists and Other Writers,0.6551961763883656,0.8555363192064843,0.7314326365450196,0.6785473178526646,0.9424883592413458,0.6985152908693165,0.36785586676201393,0.728931889533864,0.47634356215643575,0.8555363192064843,0.728931889533864
2211,Accountants,0.718251293606075,0.8558098851323096,0.7887899415810311,0.7393482821746286,0.9464166846606831,0.7255529144350502,0.3720148378144372,0.721037751297625,0.43689044663467974,0.8558098851323096,0.721037751297625
2212,"Auditors, Company Secretaries and Corporate Treasurers",0.5890561698166558,0.7690269733157373,0.6365073110465338,0.6638721436333517,0.9953607887665943,0.6940362117267034,0.37381661506026215,0.7151837108436222,0.46068574396088624,0.7690269733157373,0.7151837108436222
2221,Financial Brokers,0.6809501250641133,0.8399498910422114,0.7799620143107273,0.6905693852924345,0.8924229800636803,0.6338009162585574,0.40868007660018435,0.7783254236861533,0.4925373642758296,0.8399498910422114,0.7783254236861533
2222,Financial Dealers,0.6422124058697652,0.8089500530785213,0.7777362615655576,0.7162341858348348,0.9218895434973707,0.6898484074585124,0.3857250579506679,0.778863238799303,0.5165732102459223,0.8089500530785213,0.778863238799303
2223,Financial Investment Advisers and Managers,0.6849729765032243,0.8463412785705348,0.7582974136561884,0.7306815289313058,0.9317287186663595,0.677781643470136,0.34278953143458385,0.7199066431904645,0.47097840169132527,0.8463412785705348,0.7199066431904645
2231,Human Resource Professionals,0.7052918393892487,0.9166198887245793,0.838367097524298,0.7272591096069179,0.9337039127264309,0.6981563645613109,0.3194207982362051,0.6964326857869392,0.4704700552145272,0.9166198887245793,0.6964326857869392
2232,ICT Trainers,0.4938495859260784,0.5643183695336322,0.3864344425951589,0.39992621536149203,0.7305856281599226,0.4543045555910115,0.34435625629414934,0.7108449990402778,0.40313541033259775,0.5643183695336322,0.7108449990402778
2233,Training and Development Professionals,0.6678130749450909,0.8901775389681219,0.7798833759042326,0.6715676616774905,0.9171332740377045,0.6704848440259082,0.3733983561722002,0.7370557562490604,0.46791902424541737,0.8901775389681219,0.7370557562490604
2241,"Actuaries, Mathematicians and Statisticians",0.6923132291096077,0.8194486790325248,0.7891706902194467,0.7678102147691087,0.9566350348731351,0.7433489369843957,0.3739764481795711,0.7198032409425349,0.45145778109181295,0.8194486790325248,0.7198032409425349
2242,"Archivists, Curators and Records Managers",0.6586400222285864,0.8070320380479488,0.8372164447838765,0.7331220516812708,0.9373528035354866,0.699866914428567,0.37881365673677214,0.693901065023656,0.46807015478345054,0.8070320380479488,0.693901065023656
2243,Economists,0.6746692057714371,0.773167228455677,0.7471299113536456,0.7235802451731612,0.9141919766936578,0.7210330147974331,0.3829790318485958,0.7221727622585603,0.4859290168118751,0.773167228455677,0.7221727622585603
2244,Intelligence and Policy Analysts,0.7120836706984327,0.8747775016521077,0.8439921104354288,0.7570297144122353,0.9325851981698514,0.7138005665236218,0.39164719861340413,0.7456483082391576,0.46972109112932037,0.8747775016521077,0.7456483082391576
2245,Land Economists and Valuers,0.6530807850132264,0.8745744736959743,0.663116713196943,0.674056307164618,0.8902369433615742,0.6174698223945736,0.39515716185730076,0.7754628303797784,0.49141088419320683,0.8745744736959743,0.7754628303797784
2246,Librarians,0.6730973479626747,0.8351243714134003,0.7412219921571501,0.7464183410552115,0.9250781367978319,0.7544061034590929,0.3711070562214665,0.7198243856142117,0.4497142296045193,0.8351243714134003,0.7198243856142117
2247,Management and Organisation Analysts,0.7075844367905703,0.9027482163019399,0.8373034351440496,0.7175889830833728,0.9343172036669621,0.683084963370961,0.3662254436351465,0.7216204539402958,0.478279720630985,0.9027482163019399,0.7216204539402958
2249,Other Information and Organisation Professionals,0.7416773774119719,0.940591447868244,0.870965576580379,0.7423948707909493,0.9228698124442902,0.6999079806178499,0.377417400740234,0.7498272389549467,0.47916148976240197,0.940591447868244,0.7498272389549467
2251,Advertising and Marketing Professionals,0.7023617594290376,0.8553385106865579,0.8033745623792566,0.7526299033918652,0.9428693142374981,0.7255273584001856,0.3596343026444447,0.7253765782214434,0.4846491952643558,0.8553385106865579,0.7253765782214434
2252,ICT Sales Professionals,0.7082412247849968,0.8865080840385509,0.7717226194626592,0.729682114394686,0.9049687900628085,0.7292575080233531,0.31842614652253737,0.7271194994388742,0.5204373546502906,0.8865080840385509,0.7271194994388742
2253,Public Relations Professionals,0.6937257735296507,0.9028790261147239,0.8108070874301718,0.7239271504590792,0.9361382538962048,0.7021709398148299,0.35531800476107944,0.7177177498973267,0.47195759817212335,0.9028790261147239,0.7177177498973267
2254,Technical Sales Representatives,0.643441465068507,0.8190190168397611,0.7346510736647222,0.732320226173405,0.9650617164197031,0.6763129955212225,0.35566884274800803,0.6757390201107809,0.4280284443812974,0.8190190168397611,0.6757390201107809
2311,Air Transport Professionals,0.6625709583396875,0.7844367214537465,0.757250922327422,0.6922054136352976,0.9356670704553233,0.7016268261306297,0.3768023245616619,0.7428400511335941,0.45877815507626407,0.7844367214537465,0.7428400511335941
2312,Marine Transport Professionals,0.634804018445379,0.8229313970192249,0.751285356842481,0.730817600390107,0.9256128212182306,0.7195724191176625,0.3854004383149192,0.7337581892887989,0.4281770571278968,0.8229313970192249,0.7337581892887989
2321,Architects and Landscape Architects,0.6935145409404958,0.8467922141766938,0.8203424478579706,0.7111512794895813,0.9012701828041765,0.6992068421866722,0.28140344366224196,0.626993433186711,0.3644633389151512,0.8467922141766938,0.626993433186711
2322,Surveyors and Spatial Scientists,0.6816948791099563,0.7898907051443927,0.8039399892194439,0.7254207415979012,0.8884621201751012,0.6319236522425788,0.2919860798909936,0.630773323542361,0.3648758102510713,0.7898907051443927,0.630773323542361
2323,"Fashion, Industrial and Jewellery Designers",0.7172830619059458,0.924231593470833,0.8119605646600196,0.7081844196720471,0.932959844270882,0.678339554518577,0.3579083594774462,0.7358799562645144,0.490128435863384,0.924231593470833,0.7358799562645144
2324,"Graphic and Web Designers, and Illustrators",0.6793033877523448,0.8464613842382361,0.7716382198587282,0.732205254149203,0.9345171165570234,0.6970872737086614,0.3635716168346006,0.7364667169479342,0.48121533885072415,0.8464613842382361,0.7364667169479342
2325,Interior Designers,0.6660118523537581,0.7228994503364673,0.7071008709731286,0.755469779940128,0.9244683120102678,0.714553001093914,0.24139659917520256,0.5827048117114623,0.40435239141396684,0.7228994503364673,0.5827048117114623
2326,Urban and Regional Planners,0.723455929884348,0.8488783529589307,0.8513744684629176,0.7602463663749325,0.9215084538914379,0.6826103730198012,0.3165552966921047,0.6320651641747654,0.3686588264966749,0.8488783529589307,0.6320651641747654
2331,Chemical and Materials Engineers,0.6559220785636948,0.7086729137642165,0.8260549844105529,0.7037503987329163,0.8838108703697257,0.6209689673810188,0.323125618137029,0.6463128505181254,0.4332717883319725,0.7086729137642165,0.6463128505181254
2332,Civil Engineering Professionals,0.7000951919126522,0.875343832253967,0.8430192699164397,0.73360402937375635,0.9274935915780277,0.6903511434247273,0.3192388648644247,0.6242477918385927,0.36265927874502674,0.875343832253967,0.6242477918385927
2333,Electrical Engineers,0.7494266030723202,0.9924490357962216,0.9056803627758925,0.6965830977300008,0.9025357640072431,0.6921545830126405,0.33354354917543,0.6276889715644077,0.3552820414962965,0.9924490357962216,0.6276889715644077
2334,Electronics Engineers,0.6262328409357419,0.7732065456839499,0.7346400593184763,0.7104854821981021,0.9431166570676893,0.6871989754467821,0.3397970430709978,0.6420681338205178,0.40199632199332236,0.7732065456839499,0.6420681338205178
2335,"Industrial, Mechanical and Production Engineers",0.7080256202170598,0.8859841215079566,0.8621822845052796,0.7458806853906619,0.9471428725966479,0.7226257258585163,0.29248816972170083,0.5691149695093656,0.33427822450136147,0.8859841215079566,0.5691149695093656
2336,Mining Engineers,0.6326318481068995,0.7564191565852125,0.6760372853596224,0.720924050949887,0.9302714406874555,0.7142024225046586,0.32925363742856023,0.6316560314848909,0.3406750838819618,0.7564191565852125,0.6316560314848909
2339,Other Engineering Professionals,0.7389469448226784,0.9358133169850559,0.8846919197357938,0.7594357202412924,0.9671770771928169,0.7897139265824566,0.34001555641753534,0.6473459706778566,0.3779330331780556,0.9358133169850559,0.6473459706778566
2341,Agricultural and Forestry Scientists,0.559995737741104,0.7603882898792941,0.6178985732426985,0.6317371805006322,0.8914844479210142,0.6218712463749344,0.32487982324313025,0.6533737094865613,0.4234004015781428,0.7603882898792941,0.6533737094865613
2342,"Chemists, and Food and Wine Scientists",0.6554275009811505,0.7572127292817395,0.7368954674551005,0.7495153153489474,0.9659067335982001,0.7792719876525068,0.37025958021373545,0.7145772519159193,0.45249760024847785,0.7572127292817395,0.7145772519159193
2343,Environmental Scientists,0.6923922381780222,0.8919058272785584,0.8440253409418826,0.746342347862717,0.92904749580511,0.7596662577619914,0.3484430629569407,0.6679756924176495,0.39082310339413506,0.8919058272785584,0.6679756924176495
2344,Geologists and Geophysicists,0.65882349772939,0.861222409489456,0.8001929685815597,0.6858437544515729,0.9519938609352306,0.7700185673666606,0.27726034449285525,0.5669113976901948,0.29116485285898747,0.861222409489456,0.5669113976901948
2345,Life Scientists,0.6266952377292886,0.836509566182528,0.7533376180331897,0.6260345156786999,0.8831499233918493,0.6619836446879924,0.3913888661055482,0.7213055943721302,0.44068306634610044,0.836509566182528,0.7213055943721302
2346,Medical Laboratory Scientists,0.7225782170366619,0.9865254998798503,0.781485954096889,0.6664166632075201,0.9336858383754422,0.6837063038735335,0.3905177994118649,0.7108697010467716,0.4572239310489984,0.9865254998798503,0.7108697010467716
2347,Veterinarians,0.6176915191768498,0.6188330967588243,0.6504739772583187,0.6890975268988853,0.9648626566273718,0.7833364254766233,0.39104852932192413,0.7963164857262037,0.47203386805967823,0.6188330967588243,0.7963164857262037
2349,Other Natural and Physical Science Professionals,0.6369906347760038,0.9010227924491655,0.745227472474155,0.6375921957573976,0.8917216334690343,0.7170287913431902,0.26960630055577334,0.5807494989762149,0.3341704140325242,0.9010227924491655,0.5807494989762149
2411,Early Childhood (Pre-primary School) Teachers,0.6883614374172041,0.7823034512571463,0.7540118092012581,0.7617660602467002,0.9413639516561542,0.7408217412136211,0.407131652683598,0.7756016084668725,0.49521818194354916,0.7823034512571463,0.7756016084668725
2412,Primary School Teachers,0.8855320182829696,0.9386838774904942,1,0.8583612724103632,0.8868190775754209,0.7723591366528589,0.3547073607009804,0.75629694419373406,0.4464542587042299,0.9386838774904942,0.75629694419373406
2414,Secondary School Teachers,0.8729011792033828,0.889168263526081,0.9466139272196126,0.9247926635096012,0.9454593130803449,0.8867908517088311,0.4002643114460538,0.7777300095328916,0.4608270143628843,0.889168263526081,0.7777300095328916
2415,Special Education Teachers,0.700611383353723,0.6927303577364492,0.8791693057817991,0.8400369368381416,0.9477501331598499,0.8396087911390686,0.36622104669897665,0.7354679809706648,0.4690025097145168,0.6927303577364492,0.7354679809706648
2421,University Lecturers and Tutors,0.673449692409754,0.8265244514956698,0.6955691895913726,0.8509153636646466,0.9874134382223887,0.8119347020027804,0.38658211532408104,0.7552470761794797,0.4611489006042682,0.8265244514956698,0.7552470761794797
2422,Vocational Education Teachers (Aus) / Polytechnic Teachers (NZ),0.5926371320682944,0.752389729323404,0.694846304815556,0.7832562351470295,0.9560602507853792,0.7549716849330032,0.3570414395351131,0.7443221964341095,0.449565436442399,0.752389729323404,0.7443221964341095
2491,Education Advisers and Reviewers,0.6727989962961762,0.8089398338314873,0.7768884199640477,0.7275502182055782,0.8917543334718053,0.694534230094025,0.37366781270057053,0.7413978718505103,0.4606772070080767,0.8089398338314873,0.7413978718505103
2492,Private Tutors and Teachers,0.6413080381625922,0.853025405061429,0.6869780722417568,0.6884404885360401,0.9053062011371906,0.7014909558915094,0.4089136867816106,0.7504106240270165,0.4537700162864732,0.853025405061429,0.7504106240270165
2493,Teachers of English to Speakers of Other Languages,0.6110327316000105,0.5320332504773969,0.7901524783517788,0.6550519097232358,0.8181241323770748,0.6523426487243438,0.437606981771181,0.7902271432757209,0.45801790539393844,0.5320332504773969,0.7902271432757209
2511,Nutrition Professionals,0.6994770152765601,0.8456777634695317,0.777032225311822,0.6845061158933078,0.8857754619621928,0.6300302506290183,0.4022522623957224,0.7856318850495647,0.5355141063008643,0.8456777634695317,0.7856318850495647
2512,Medical Imaging Professionals,0.6592644145391066,0.7665774490874807,0.6701751796961902,0.7236258712480944,0.9355651691474479,0.7113766213913563,0.41915959360437055,0.7710791069344516,0.4909511302789176,0.7665774490874807,0.7710791069344516
2513,Occupational and Environmental Health Professionals,0.7229887190057664,0.9356838503710605,0.8696285243277557,0.730185760195455,0.9181441489731479,0.6902355393597439,0.353397523110196,0.6916927680235145,0.4291549509004429,0.9356838503710605,0.6916927680235145
2514,Optometrists and Orthoptists,0.5697150900739498,0.7035235914574983,0.6312895381034554,0.664871426690604,0.8180819811997586,0.4347912942697448,0.4240732471553363,0.800935578203245,0.5460172489970581,0.7035235914574983,0.800935578203245
2515,Pharmacists,0.7380218185237489,0.8420435054787097,0.8457316218037793,0.7890301852625817,0.8789367399843461,0.6784679000993379,0.42331952605634054,0.7710299796521963,0.46069559954251205,0.8420435054787097,0.7710299796521963
2519,Other Health Diagnostic and Promotion Professionals,0.6495211075611178,0.8817740698073463,0.697294312622975,0.7744933685602174,0.9414303258407243,0.7100257372571418,0.39338078022225226,0.7394873708471418,0.4637760532786434,0.8817740698073463,0.7394873708471418
2522,Complementary Health Therapists,0.6962378107926263,0.8345507495016431,0.816101028480122,0.7109689329702449,0.8348276872060233,0.6418887552081868,0.3965418456808678,0.7602988528228387,0.459045727163894,0.8345507495016431,0.7602988528228387
2523,Dental Practitioners,0.6758815588790867,0.8318432427332583,0.7534777793631975,0.7344844060564171,0.932094289845256,0.7128795213064509,0.4110299453235934,0.8006971143855641,0.5428423985899025,0.8318432427332583,0.8006971143855641
2524,Occupational Therapists,0.7537232314960982,0.8960751395602325,0.8997537829508357,0.8218207794203605,0.9475478732729469,0.8208656180323444,0.41493506577317457,0.8003689479033023,0.5119624856808016,0.8960751395602325,0.8003689479033023
2525,Physiotherapists,0.7046861408742423,0.7918933096146314,0.768202518590572,0.7718217825969124,0.9566794329046189,0.7366553331683864,0.4161163028762064,0.8049098666974946,0.5184800797906827,0.7918933096146314,0.8049098666974946
2526,Podiatrists,0.6611408858722817,0.8069552736752733,0.7230251909424308,0.6722555895624319,0.9318600494843792,0.6978807349049133,0.37333317164511354,0.7830013851983507,0.5392396533680539,0.8069552736752733,0.7830013851983507
2527,Audiologists and Speech Pathologists/Therapists,0.7712843342556711,0.9106171526029557,0.8817388315817526,0.7806791517375339,0.9228395085351501,0.7919184324751694,0.4026321587790879,0.7996410589857227,0.5392424276913919,0.9106171526029557,0.7996410589857227
2531,General Practitioners and Resident Medical Officers,0.5981873744593504,0.675137767559636,0.5857139898173346,0.7573438564270057,1,0.7654484822273365,0.42208863184905043,0.7886074796403898,0.49499008005041073,0.675137767559636,0.7886074796403898
2532,Anaesthetists,0.3707348087905823,0.24115861376614808,0.4160651989356069,NA,NA,NA,0.24938325244291074,0.38900565970427503,0.33756994714487776,0.24115861376614808,0.38900565970427503
2533,Specialist Physicians,0.6230509608059461,0.6546921820992752,0.6636485378378423,0.7957891457302212,0.9736012893255234,0.7447935157789384,0.3995500228830911,0.76935111116724475,0.496639698250398,0.6546921820992752,0.76935111116724475
2534,Psychiatrists,0.4355599021657001,0.6165934108790175,0.4827844531111541,0.6868908409697382,0.9325437086061146,0.6607517365551918,0.4219222095382717,0.8977466412848413,0.49655985398670655,0.6165934108790175,0.8977466412848413
2535,Surgeons,0.40722424099619337,0.4289484487304925,0.3735576004411695,0.6091402378196832,0.8049566467645509,0.6448340060208917,0.29111055175866013,0.6259572308804261,0.26207547541983206,0.4289484487304925,0.6259572308804261
2539,Other Medical Practitioners,0.5995933156716642,0.6491291227132463,0.647001429592421,0.7009947661568275,0.9852359691720556,0.7654790590559982,0.39871778753064063,0.7946716396555489,0.5174014532302516,0.6491291227132463,0.7946716396555489
2541,Midwives,0.6587129346611025,0.7597391859493037,0.8077822660795827,0.7608781690662942,0.9408682891747093,0.7094302122178129,0.41317310852577693,0.7870807973216959,0.5123195526792148,0.7597391859493037,0.7870807973216959
2542,Nurse Educators and Researchers,0.6374710082583903,0.7724779645558386,0.6859466284844314,0.748541633987696,0.9587879893608289,0.7189425803206412,0.4007254071768059,0.7555723666136244,0.4853772708108604,0.7724779645558386,0.7555723666136244
2543,Nurse Managers,0.6318511482024318,0.7861426394734844,0.6717408952089473,0.6696173558587815,0.921949437953496,0.6944637732438081,0.40963342767879934,0.7677688149561545,0.4849076612756282,0.7861426394734844,0.7677688149561545
2544,Registered Nurses,0.7228304037564336,0.8760156092899611,0.8325118052474245,0.7918745737111232,0.9535031138514426,0.7671578241329844,0.4032528132315577,0.7630476375367988,0.4794332149462928,0.8760156092899611,0.7630476375367988
2611,ICT Business and Systems Analysts,0.6506143698015298,0.8453961610219792,0.775578968610763,0.7273270899360915,0.9593871559072179,0.7122692508345044,0.357581315294591,0.7142722547538687,0.4787513066464368,0.8453961610219792,0.7142722547538687
2612,Multimedia Specialists and Web Developers,0.6808714698417536,0.7980182142036578,0.7639073863345105,0.7145580112791164,0.9226296307282211,0.6831310304069381,0.36813275012098634,0.7331595388740622,0.46951459566878195,0.7980182142036578,0.7331595388740622
2613,Software and Applications Programmers,0.6830988770109572,0.8613220824942419,0.7844763613427826,0.7380782832305474,0.9520761603114659,0.7257324054828802,0.3669341845637656,0.716028204894995,0.4600112656454843,0.8613220824942419,0.716028204894995
2621,"Database and Systems Administrators, and ICT Security Specialists",0.6914102622270372,0.8875494315485001,0.8108950263768899,0.7375712494162883,0.9529005767557159,0.7246016527903024,0.36968015789055686,0.7178799023249675,0.4517814806754403,0.8875494315485001,0.7178799023249675
2631,Computer Network Professionals,0.6903299474315887,0.8562588601324463,0.8445456240146274,0.7476418803936029,0.9213523832721338,0.6977550446099565,0.3588947523703775,0.6884521489340751,0.42334453205975586,0.8562588601324463,0.6884521489340751
2632,ICT Support and Test Engineers,0.6784343959084398,0.8759949830257371,0.7722977135421053,0.7000122754442938,0.9476319574441511,0.7164589619879509,0.36359689199618717,0.727559807982256,0.4777932761620757,0.8759949830257371,0.727559807982256
2633,Telecommunications Engineering Professionals,0.6663021580994402,0.8403893875715804,0.8083678738520625,0.7358816936780156,0.949104560442885,0.7135389456549053,0.34362369241494384,0.7105619318639774,0.43245558762550074,0.8403893875715804,0.7105619318639774
2713,Solicitors,0.7017449288170513,0.8825602534971411,0.8535518952445169,0.7451707273736776,0.9356230459336612,0.7145743073936791,0.34104181397382766,0.6733582449817573,0.40070996960065336,0.8825602534971411,0.6733582449817573
2721,Counsellors,0.7064757593376455,0.8682113113966337,0.812167384441251,0.7258152465122941,0.9306803758742693,0.7519655384105618,0.3895741598887274,0.7498515469422073,0.48299528062898356,0.8682113113966337,0.7498515469422073
2722,Ministers of Religion,0.6653151842868887,0.5277913696071931,0.753642493626943,0.7789693105872341,0.9393709519214657,0.7210370867374398,0.36410156533023197,0.7333005442362882,0.4629678672500183,0.5277913696071931,0.7333005442362882
2723,Psychologists,0.690852944011273,0.8597105231048366,0.7919414923026129,0.7349479125403645,0.9385887417257075,0.7111078836933845,0.4150912533538613,0.80080193216956,0.520140356437123,0.8597105231048366,0.80080193216956
2724,Social Professionals,0.6341383718392942,0.8623066474569003,0.7573161575139259,0.6803094315062845,0.9274613618092465,0.6759556150789237,0.37348633528440767,0.7199584348109727,0.45507550412458014,0.8623066474569003,0.7199584348109727
2725,Social Workers,0.7457825757280607,0.9240246790539235,0.8789860109651264,0.7888414658200525,0.9349335067039032,0.7418076332097532,0.38760824589834747,0.7877235250881666,0.5467520656059366,0.9240246790539235,0.7877235250881666
2726,"Welfare, Recreation and Community Arts Workers",0.7381358703764307,0.8972573497281171,0.8446791895708509,0.761036616671711,0.941568597870373,0.732040215465677,0.38485263996189273,0.7588527754052794,0.4829608900554276,0.8972573497281171,0.7588527754052794
3111,Agricultural Technicians,0.5340732612585216,0.8458344547205662,0.6594213536797063,0.6128436704149759,0.889260078452554,0.5994951243710153,0.3659287763706989,0.718189239111575,0.44517459347221955,0.8458344547205662,0.718189239111575
3112,Medical Technicians,0.6744804571801143,0.8464348020373903,0.7483253358506777,0.6937917161183991,0.9299613406864613,0.6832809154244689,0.37585298637255166,0.7536562567510141,0.4827458454277449,0.8464348020373903,0.7536562567510141
3113,Primary Products Inspectors,0,0,0,NA,NA,NA,0.4433715629136918,0.8398757139628646,0.5098535389349332,0,0.8398757139628646
3114,Science Technicians,0.6521591526639032,0.926711972989859,0.7168378064022478,0.6676541944916834,0.8944760024066996,0.6300527662706091,0.36229130117839403,0.7322748545362227,0.46205968107076373,0.926711972989859,0.7322748545362227
3121,"Architectural, Building and Surveying Technicians",0.6883501852842846,0.8720388468614646,0.7869117343087252,0.7038844933889754,0.9073097231668844,0.6488146152891258,0.3343347542774241,0.6828296919971037,0.42252583281687467,0.8720388468614646,0.6828296919971037
3122,Civil Engineering Draftspersons and Technicians,0.6668181775821265,0.7744625035656324,0.7503788508760739,0.7683907916414014,0.959680553323432,0.7499599523996987,0.2662660516117957,0.6012392440205786,0.37385732026401597,0.7744625035656324,0.6012392440205786
3123,Electrical Engineering Draftspersons and Technicians,0.6586415310681437,0.8948481369388639,0.8614460566635119,0.6981664186557327,0.8728337509510423,0.6548658675339519,0.3749922870595972,0.6871264277349437,0.40399858376697684,0.8948481369388639,0.6871264277349437
3124,Electronic Engineering Draftspersons and Technicians,0.6021797193038936,0.8113160486588826,0.7253307913857174,0.6721281633474432,0.9000450637973707,0.6269078254401672,0.3803789757764935,0.7211376236694547,0.4475000579222896,0.8113160486588826,0.7211376236694547
3125,Mechanical Engineering Draftspersons and Technicians,0.6878031157564531,0.9280593939458781,0.960201281982246,0.7573754823788951,0.9041299655494058,0.718268027045364,0.2307684829446676,0.5386831804565486,0.3058159395681832,0.9280593939458781,0.5386831804565486
3126,Safety Inspectors,0.6604816142466209,0.8951105612344985,0.8169651989352179,0.6273245911874944,0.8164012256389572,0.5937862488968318,0.3453313040409313,0.6707710614357523,0.4184372108426009,0.8951105612344985,0.6707710614357523
3129,Other Building and Engineering Technicians,0.7350036225100518,0.9767694923446919,0.8987709064411236,0.7198278249309784,0.9011920258508176,0.6646242142306534,0.27841642805296773,0.6298535786368139,0.38087998552056496,0.9767694923446919,0.6298535786368139
3131,ICT Support Technicians,0.701040179889402,0.8802428682126764,0.8077598233009181,0.7290226405981283,0.9455526860241348,0.7267184686240663,0.3433815584319837,0.696419340420417,0.4587634562088859,0.8802428682126764,0.696419340420417
3132,Telecommunications Technical Specialists,0.6947077575309133,0.8187856072073121,0.7042557293687192,0.7444515667024836,0.9340761780052358,0.7767218789634188,0.3749191742065403,0.7050421825160964,0.39329166094855855,0.8187856072073121,0.7050421825160964
3211,Automotive Electricians,0.618120485380705,0.7825286063682709,0.7365916046131148,0.6739062501447958,0.9186711302582664,0.6396445175346039,0.35914498462167094,0.7121489800431593,0.4370594349987693,0.7825286063682709,0.7121489800431593
3212,Motor Mechanics,0.6681926019916975,0.8871559554698605,0.8070505215725047,0.6978342401083251,0.9152500921307786,0.6719288837918354,0.3645296965494048,0.7313189865814933,0.4694585411322831,0.8871559554698605,0.7313189865814933
3221,"Metal Casting, Forging and Finishing Trades Workers",0.4413051590669488,0.35242497855223487,0.3926643341083213,0.7463405760997234,0.7292483010055498,0.6751119548956418,0.3779795482817369,0.7636848977450547,0.4810163717219365,0.35242497855223487,0.7636848977450547
3222,Sheetmetal Trades Workers,0.7409420851650609,0.904595809577407,0.8697081080484114,0.751849022628584,0.8972726304833872,0.6850416206347545,0.3687940350029372,0.7520937433362876,0.48551836414267596,0.904595809577407,0.7520937433362876
3223,Structural Steel and Welding Trades Workers,0.7376439742993225,0.9695461958139676,0.9401241601079998,0.7485498523057867,0.8677079661994571,0.6573126594574831,0.3444355031516532,0.7176095369023239,0.4608499450699552,0.9695461958139676,0.7176095369023239
3231,Aircraft Maintenance Engineers,0.6155915179741922,0.8232902771312822,0.7394021981154772,0.696003904285388,0.9014184426949485,0.6994057098458274,0.34499377327784797,0.683982387924663,0.41439951049204193,0.8232902771312822,0.683982387924663
3232,Metal Fitters and Machinists,0.7057169214295793,0.9640922825876896,0.8843586650870852,0.7116131352142494,0.9034420673379614,0.654773841043371,0.3378213031523468,0.6887822804718318,0.43681542756060254,0.9640922825876896,0.6887822804718318
3233,Precision Metal Trades Workers,0.5724382444467853,0.8435414286477172,0.7046265985805242,0.6077025661033523,0.9032187831165152,0.5797639281306358,0.37777906927965565,0.7472978779562108,0.4704073460622735,0.8435414286477172,0.7472978779562108
3234,Toolmakers and Engineering Patternmakers,0.6881674647152783,0.9815706603905313,0.7695101342453246,0.580940117649756,0.8624899653750648,0.6423994557964671,0.3682523323593073,0.7567288023180853,0.4897939433052297,0.9815706603905313,0.7567288023180853
3241,Panelbeaters,0.6633849388444835,0.8651286500327233,0.6939531061870163,0.683007088161265,0.9507882420071563,0.6783250823355244,0.3898985109068556,0.7539407466307322,0.47548542323655857,0.8651286500327233,0.7539407466307322
3242,Vehicle Body Builders and Trimmers,0.5624517464140542,0.8001711541727786,0.7487642916492261,0.5456186135480835,0.8284002845955424,0.5407307114285554,0.37011814406582333,0.7405157762324297,0.46675877692150486,0.8001711541727786,0.7405157762324297
3243,Vehicle Painters,0.6064457608321319,0.6597830229102725,0.6597838995411525,0.7409666936534912,0.9383601620508473,0.6695433893442937,0.3305851795946833,0.7745917491077633,0.4924550970538658,0.6597830229102725,0.7745917491077633
3311,Bricklayers and Stonemasons,0.6776546139219675,0.7082565453521618,0.7323799651827433,0.825880847762765,0.9161338943071665,0.6766570583674297,0.3566078493224224,0.7525580525989881,0.5240650786645908,0.7082565453521618,0.7525580525989881
3312,Carpenters and Joiners,0.7594304875479655,0.8297671102470255,0.8543167540298492,0.8030459069630929,0.9130775234231481,0.712010049483065,0.36766215641084643,0.7560634953938065,0.49879430539426833,0.8297671102470255,0.7560634953938065
3321,Floor Finishers,0.7475893049761575,0.7579720403648098,0.8716466431593638,0.7945211785342494,0.9094669994725326,0.7735667482246708,0.370554139015309,0.7440154447877144,0.45575030837074754,0.7579720403648098,0.7440154447877144
3322,Painting Trades Workers,0.7104584025275323,0.8424209284645301,0.8480216501517815,0.784688797216244,0.9100467686560304,0.715738680420154,0.37514381719846346,0.7541109608143324,0.4692907835593388,0.8424209284645301,0.7541109608143324
3331,Glaziers,0.6507322804822013,0.7957082487894437,0.7075831863646664,0.7063467997867242,0.9077014182502232,0.6561078291440338,0.37238829605039464,0.7527072395822119,0.48195235103552897,0.7957082487894437,0.7527072395822119
3332,Plasterers,0.7080190894517292,0.7364598652247558,0.7671599965801125,0.8370629252375265,0.9462087153438727,0.7426596732596267,0.35906658108496753,0.7272360721152041,0.46230647075471515,0.7364598652247558,0.7272360721152041
3333,Roof Tilers,0.5887466803370814,0.7826935623326841,0.6518217223319558,0.6734982187145955,0.9445399366196622,0.6837449943782598,0.38783156003997776,0.7858147796521198,0.5319025600911639,0.7826935623326841,0.7858147796521198
3334,Wall and Floor Tilers,0.732817488150486,0.7963658550610085,0.865481543725831,0.8123304378421443,0.9211178415416487,0.7614892062314013,0.3604279623174092,0.7438211490451548,0.4535971218244984,0.7963658550610085,0.7438211490451548
3341,Plumbers,0.6816338965754942,0.8375798938227106,0.7914170188212946,0.739694703107071,0.9107639280774634,0.6702804024750634,0.3774943690844078,0.767556483431725,0.5065749725843061,0.8375798938227106,0.767556483431725
3411,Electricians,0.7124114021662787,0.8736479081379533,0.8582351239066209,0.7699102570153328,0.9298708435247162,0.7159242377514776,0.35700022286830585,0.6924868487745709,0.4480217541380066,0.8736479081379533,0.6924868487745709
3421,Airconditioning and Refrigeration Mechanics,0.6423891958548229,0.7346706739154969,0.7134500309143853,0.7286674932479432,0.9238454418891368,0.7018493847543733,0.3835657047948884,0.7473320586562558,0.4461856982018919,0.7346706739154969,0.7473320586562558
3422,Electrical Distribution Trades Workers,0.6268957516235588,0.6747111801707767,0.4954554847237475,0.6455055923612382,0.8490216937898374,0.5784797287434835,0.3972957191748022,0.7425392492100062,0.43919452765374933,0.6747111801707767,0.7425392492100062
3423,Electronics Trades Workers,0.641374215053383,0.8192943303196273,0.7507582175888783,0.7278258075672155,0.9495968121653021,0.6996551084115679,0.3684555571287888,0.7073469441654808,0.43910362462856845,0.8192943303196273,0.7073469441654808
3424,Telecommunications Trades Workers,0.6072818869100031,0.8511429935521114,0.7256540657173748,0.6515427232308887,0.8490131197664458,0.5766922739717255,0.3714229489639582,0.7325914834054531,0.4664622117677649,0.8511429935521114,0.7325914834054531
3511,Bakers and Pastrycooks,0.713990193321314,0.8484402431168095,0.8088969338336598,0.7731202956106245,0.9309920849600414,0.7595520417883763,0.38187873103727504,0.7403261149115747,0.46851963462723123,0.8484402431168095,0.7403261149115747
3512,Butchers and Smallgoods Makers,0.7236226939449109,0.8178288502315378,0.8825021109856237,0.8817335878028831,0.9583777556119912,0.81145260609281,0.38103847133054386,0.744408226682649,0.4599965752207912,0.8178288502315378,0.744408226682649
3513,Chefs,0.7208495396556633,0.8073062068621722,0.8015852444333815,0.8089465288850405,0.9407736892893466,0.770812525458204,0.38344153923014945,0.7511014483693607,0.4765139032438722,0.8073062068621722,0.7511014483693607
3514,Cooks,0.69303410106546,0.8908933693822135,0.8793011817761563,0.7777055150168362,0.9204619464343972,0.7164462263591496,0.3827189385908712,0.7492308536689952,0.4756332818488959,0.8908933693822135,0.7492308536689952
3611,Animal Attendants and Trainers,0.7230716885834348,0.8137272660680555,0.8827691566590969,0.8277872822682703,0.9154836878305371,0.7910579241223642,0.3488651043866418,0.7148124626507797,0.4190297298513247,0.8137272660680555,0.7148124626507797
3613,Veterinary Nurses,0.47988413017924847,0.5545772126402222,0.635226819133462,0.63716327201462,0.7697052524812883,0.5069979310236056,0.3711269499861673,0.7370224100648988,0.4716876223267481,0.5545772126402222,0.7370224100648988
3621,Florists,0.5865399077364367,0.7487196007132446,0.689031791901029,0.6989926750924663,0.9078983698902218,0.674042541848504,0.3581302897442536,0.7236976005354129,0.4423763315408267,0.7487196007132446,0.7236976005354129
3622,Gardeners,0.700452713594557,0.8493878931012273,0.7957056330873378,0.7346256004106733,0.9325234952679344,0.7111638493550464,0.37321470117442024,0.7481729568349332,0.4831176776062359,0.8493878931012273,0.7481729568349332
3623,Greenkeepers,0.6100210163712194,0.754269500571691,0.6982423165948671,0.6887846722859206,0.9181297790106581,0.6713810130687182,0.3593793348649123,0.73291859704857,0.4596196246487296,0.754269500571691,0.73291859704857
3624,Nurserypersons,0.5410777933996193,0.6901163232472991,0.6826069892116734,0.7169399966807467,0.9046791704046186,0.6315443317885534,0.3636211359909989,0.7525305661437377,0.4771100991118016,0.6901163232472991,0.7525305661437377
3911,Hairdressers,0.7292046574688146,0.8229947873113054,0.8135392332001137,0.8142488162749504,0.939397326388582,0.77083793546752,0.386409117650282,0.7534256543689118,0.46313923901335946,0.8229947873113054,0.7534256543689118
3921,"Binders, Finishers and Screen Printers",0.5986787789338678,0.7091661845688596,0.6756901227395643,0.6363691711794617,0.8550352538267493,0.582896233631335,0.3653042014486051,0.7265205891487525,0.47794196570496594,0.7091661845688596,0.7265205891487525
3922,Graphic Pre-press Trades Workers,0.7109395159792338,0.8510789893093315,0.7120840793839713,0.6069467157527059,0.8863194539574413,0.7171186651969805,0.34095016313199367,0.7224972568515445,0.46700527156164734,0.8510789893093315,0.7224972568515445
3923,Printers,0.6608250092441925,0.7870670121317883,0.7181351502492808,0.6776153214039623,0.8939035364887135,0.6461226678106737,0.38480134497325486,0.7595820338919236,0.48348958069045284,0.7870670121317883,0.7595820338919236
3932,Clothing Trades Workers,0.6985326980915577,0.7805761472110083,0.7719066032023806,0.7350378270862948,0.918439379979389,0.7089369038457446,0.3807455267830999,0.7545848852420026,0.48591545335013064,0.7805761472110083,0.7545848852420026
3933,Upholsterers,0.6864060197296596,0.8228339140836588,0.7554623564333119,0.7555122149946594,0.9387691783247488,0.7274214032483384,0.39690653235626405,0.7643040791023182,0.46362908288843013,0.8228339140836588,0.7643040791023182
3941,Cabinetmakers,0.7661333926985904,0.8334963347646753,0.8592442304490832,0.7962811723007702,0.9052133494821504,0.7211387558162251,0.36011222191558034,0.7458980871759664,0.4725795497918737,0.8334963347646753,0.7458980871759664
3942,Wood Machinists and Other Wood Trades Workers,0.6249225698575503,0.7513925060784392,0.6779180407520283,0.6809029087229795,0.927887215799597,0.69246118675505,0.35720009778996076,0.7298461674725651,0.4345915727825958,0.7513925060784392,0.7298461674725651
3991,Boat Builders and Shipwrights,0.5091062777241828,0.6595345169057909,0.6045701872752677,0.6952624198827383,0.9450039726518902,0.6460295110577019,0.44746406754578244,0.8264230068569162,0.5167422790478923,0.6595345169057909,0.8264230068569162
3992,"Chemical, Gas, Petroleum and Power Generation Plant Operators",0.6285382734189633,0.7922548303200107,0.7037138936706118,0.7189898940489298,0.8777488543848976,0.6585447306307434,0.39453343945450675,0.7474724323518367,0.48129531666162245,0.7922548303200107,0.7474724323518367
3993,"Gallery, Library and Museum Technicians",0.531334662499195,0.7963764084819608,0.6077422660719127,0.748415832106659,0.8798996604745987,0.5118531934651999,0.3832007477510173,0.7356375963522986,0.4473590915342245,0.7963764084819608,0.7356375963522986
3994,Jewellers,0.5975545341612081,0.7188547499147226,0.5940485289047084,0.648139880965993,0.898116502518629,0.6447508062079179,0.4079230611344862,0.741575072063408,0.4510700125687613,0.7188547499147226,0.741575072063408
3995,Performing Arts Technicians,0.7598089268814814,0.9297786976789031,0.7973604400337198,0.7182984227957091,0.8619360261311861,0.6299283894688288,0.4003748878238506,0.7520231793688347,0.49835655848052596,0.9297786976789031,0.7520231793688347
3996,Signwriters,0.6013496677111786,0.7707641923360417,0.7405612234041709,0.6196367090863993,0.8650651249217864,0.622894031058624,0.3591687208146065,0.7741020506087597,0.4791399435225754,0.7707641923360417,0.7741020506087597
3999,Other Miscellaneous Technicians and Trades Workers,0.6664996019994965,0.8415279631883623,0.7765575087640136,0.7145365567630722,0.9350651603655415,0.7013186023664015,0.37168629380800333,0.7135495451614957,0.44168184197268373,0.8415279631883623,0.7135495451614957
4111,Ambulance Officers and Paramedics,0.6114799691877932,0.696752738509588,0.7105324321471205,0.6008723950318511,0.8390258299724184,0.6352567024397401,0.37166170965743583,0.7547624482143314,0.4397034158926321,0.696752738509588,0.7547624482143314
4112,"Dental Hygienists, Technicians and Therapists",0.5934292554556719,0.7952885944940479,0.6151311103634026,0.6290919145972037,0.9179038602000498,0.6334075746497759,0.40188967081079047,0.7872249801399536,0.531797277797454,0.7952885944940479,0.7872249801399536
4113,Diversional Therapists,0.6032785666640907,0.8465535491321963,0.7853893026058292,0.6897261276681098,0.9258029866470648,0.658337479076557,0.4196282722527228,0.7712971055803897,0.47956636927219715,0.8465535491321963,0.7712971055803897
4114,Enrolled and Mothercraft Nurses,0.7421941941655467,0.8608490339101756,0.8111950825200336,0.8072851636375366,0.9797984400766866,0.80234700031335,0.3936365605568961,0.7574235191085062,0.4679616963738055,0.8608490339101756,0.7574235191085062
4115,Indigenous Health Workers,0.6774028268654456,0.8395026532973678,0.8048772940558233,0.7243135688510766,0.9455319781791061,0.7370745738678681,0.3993397889368331,0.7541756270098794,0.45897851216181795,0.8395026532973678,0.7541756270098794
4116,Massage Therapists,0.6342961663760242,0.7655128770679962,0.7158784073709779,0.6876798145163989,0.910699719891684,0.6742435065240989,0.39182675980557613,0.7668297207967126,0.47625625206924355,0.7655128770679962,0.7668297207967126
4117,Welfare Support Workers,0.7183422732214695,0.8823294519245669,0.7929680732981688,0.775689522176973,0.9626601314293597,0.7432850987685928,0.38260890551152144,0.7506102773215072,0.49286719204712726,0.8823294519245669,0.7506102773215072
4211,Child Carers,0.7405800563709377,0.8945855023445548,0.9063387000574132,0.7766231129864424,0.9184742659215099,0.725376852980753,0.3749866486349084,0.7371955831347499,0.47767166699388247,0.8945855023445548,0.7371955831347499
4221,Education Aides,0.7861789580616192,0.824574414044532,0.8313757436106253,0.8464925199701264,0.9364003886976132,0.8328015232288482,0.40100249809662036,0.7609216296834431,0.4915174300097892,0.824574414044532,0.7609216296834431
4231,Aged and Disabled Carers,0.7157937897910984,0.8816691171114469,0.8076577720006852,0.771146660940942,0.9614792838097159,0.7382108399900495,0.3975258970023605,0.7642757773142266,0.4805150894175265,0.8816691171114469,0.7642757773142266
4232,Dental Assistants,0.600668616215257,0.8032722831142847,0.6479126694486259,0.653158305408172,0.9560608113927022,0.6651832692555538,0.3910819344969796,0.7547659626809887,0.48675017760473743,0.8032722831142847,0.7547659626809887
4233,Nursing Support and Personal Care Workers,0.7051689707789669,0.8677448931938458,0.8243139605265681,0.7728166908038636,0.9528297960109581,0.7411818849518259,0.38758605176707916,0.7388717312114451,0.44617701945835586,0.8677448931938458,0.7388717312114451
4234,Special Care Workers,0.7783335422931517,0.8475978382675101,0.8484961350294438,0.7663224985964034,0.9156176667120858,0.7755650992336903,0.3731903087763016,0.7285401430671534,0.4399287989530517,0.8475978382675101,0.7285401430671534
4311,Bar Attendants and Baristas,0.764036866750352,0.871850701057197,0.9108707823143237,0.863056349035072,0.9438888963296687,0.7922727658203016,0.37690890062128385,0.7495357295879752,0.4749192744058922,0.871850701057197,0.7495357295879752
4312,Cafe Workers,0.6686335122845729,0.8313206624915738,0.8418479196746743,0.8279735381059363,0.9556986196650019,0.7536415019153163,0.3716119146481368,0.7254623780884927,0.45787691566435706,0.8313206624915738,0.7254623780884927
4313,Gaming Workers,0.7617947945517966,0.8265404753085912,0.8963497400198391,0.8721078631213275,0.9568722975540792,0.8267828474788562,0.3755473648243131,0.7479380874104097,0.4764300857621437,0.8265404753085912,0.7479380874104097
4314,Hotel Service Managers,0.6731507406036666,0.7458083580918197,0.7901153488753901,0.7729571718103493,0.9405199220439642,0.7621129421838635,0.3792965899474103,0.7404173683065889,0.4738358313419835,0.7458083580918197,0.7404173683065889
4315,Waiters,0.7734770585947873,0.8687709156061904,0.9478169756155835,0.8906986658658922,0.9566782382213789,0.8217814157873541,0.3740376469390154,0.7357422925464995,0.460466985357737,0.8687709156061904,0.7357422925464995
4412,Fire and Emergency Workers,0.5052823638114737,0.3839889786289696,0.4414348157535203,0.521501568276108,0.8217816871027946,0.5723267705237565,0.35059212196745815,0.7172143834999577,0.38487474010128436,0.3839889786289696,0.7172143834999577
4421,Prison Officers,0.5500862372602865,0.8497227028121211,0.3870358644879368,0.4838341191792721,0.8336373832449029,0.5569388034002558,0.40350678236887777,0.827332022550261,0.5296582939763551,0.8497227028121211,0.827332022550261
4422,Security Officers and Guards,0.7013334554890439,0.8819856536407239,0.8858704113718775,0.7831242235614879,0.924446173931067,0.7163855354040256,0.3772558093223892,0.7365889455204784,0.4439323251321061,0.8819856536407239,0.7365889455204784
4511,Beauty Therapists,0.7444461793106607,0.8539129260988559,0.877745218271043,0.8130554762884126,0.9162246496916854,0.7536315537831073,0.3870903321736076,0.7887340638765952,0.49454665894248384,0.8539129260988559,0.7887340638765952
4512,Driving Instructors,0.6215996930815988,0.7190311334427398,0.681614536244303,0.7247731184929188,0.8631389401003013,0.6776943427150326,0.4049507670274917,0.7650451229357048,0.4793102201381394,0.7190311334427398,0.7650451229357048
4513,Funeral Workers,0.4244940295088585,0.5683166915997221,0.46496264466257436,0.6486368100871889,0.8253660767879756,0.6024003463871181,0.38895489564027236,0.7312126542467385,0.475585404187272,0.5683166915997221,0.7312126542467385
4514,"Gallery, Museum and Tour Guides",0.6146198366133033,0.82786627472078,0.678595455164476,0.7020479414444112,0.9161193807446861,0.6730851770013951,0.3816347294608818,0.7283070037164974,0.47824890300571116,0.82786627472078,0.7283070037164974
4516,Tourism and Travel Advisers,0.683192545571218,0.8172266302480136,0.6933036789759851,0.709154261306507,0.9149501470166261,0.6838466851530857,0.34434687736030656,0.6945926845847229,0.4642623134960687,0.8172266302480136,0.6945926845847229
4517,Travel Attendants,0.1003655869549221,0.44207931328787914,0.13488589978474735,NA,NA,NA,0.37705229995921985,0.6586213317765701,0.40757432080591827,0.44207931328787914,0.6586213317765701
4521,Fitness Instructors,0.6973791074839573,0.888307618851064,0.8194784611057069,0.7450326295453823,0.9286730763726523,0.6844198899705117,0.40122471843334856,0.7720979707195079,0.4902181373716038,0.888307618851064,0.7720979707195079
4523,"Sports Coaches, Instructors and Officials",0.7444513257800406,0.8654873887151682,0.8339693239715182,0.7768447552370416,0.9276024981679208,0.7758083363075443,0.38749623880304457,0.7594392835590081,0.4702823801433349,0.8654873887151682,0.7594392835590081
4524,Sportspersons,0.8547646453618749,0.7455565834190727,0.9818135474762617,1,0.9062667614813594,1,0.36112856442375474,0.7567164967062188,0.42704354795915583,0.7455565834190727,0.7567164967062188
5111,"Contract, Program and Project Administrators",0.6837145213492344,0.873310219043977,0.8367360692041826,0.730827503368988,0.9330785763098915,0.6846062065508188,0.3315489725471781,0.6870219779699713,0.44334941169516673,0.873310219043977,0.6870219779699713
5121,Office Managers,0.6682183538259736,0.8382387492541763,0.763146110803017,0.7209996130125629,0.9426010284308259,0.7088634425462407,0.36008596952760286,0.7263595225988295,0.467336250480121,0.8382387492541763,0.7263595225988295
5122,Practice Managers,0.6167219504245579,0.782810648035183,0.6806202874821272,0.6780639037019535,0.9400574276850874,0.6680361940527912,0.38708086217555127,0.7698106941498644,0.5082635231419423,0.782810648035183,0.7698106941498644
5211,Personal Assistants,0.7327727416412885,0.8990268189683263,0.8482682776958879,0.7445327099995229,0.9370591013235602,0.7182406541070873,0.32006548323850176,0.696502232821668,0.4665993534558028,0.8990268189683263,0.696502232821668
5212,Secretaries,0.7077005308575812,0.9096272134406042,0.8419654126677905,0.7192922707287964,0.9271143719462646,0.6997859058731156,0.3272111435649265,0.6880092795571291,0.46153095676989836,0.9096272134406042,0.6880092795571291
5311,General Clerks,0.694254858135938,0.8932684588231021,0.8204174136906964,0.7273493906285226,0.936705455683681,0.708091765162552,0.35650303913298953,0.7181165538701387,0.4646875517343468,0.8932684588231021,0.7181165538701387
5321,Keyboard Operators,0.6781827900061388,0.8900013630534934,0.8192873027583915,0.6839201363009688,0.9282342152591477,0.6557341388373011,0.36422252423386237,0.7059259621084195,0.46012040190868436,0.8900013630534934,0.7059259621084195
5411,Call or Contact Centre Workers,0.7152564650665766,0.8770052370128303,0.832205606561944,0.7676350736600189,0.9437954353885445,0.7467090238930936,0.36199424273219494,0.7321875105734273,0.47728424868088504,0.8770052370128303,0.7321875105734273
5412,Information Officers,0.7243236257944791,0.8240696398184785,0.8221942115683438,0.7658915529255741,0.919253114823074,0.7327355072133189,0.3776583704458238,0.7171115727386865,0.4893452851297042,0.8240696398184785,0.7171115727386865
5421,Receptionists,0.6878546936370512,0.8657827344599205,0.7986866684742434,0.7332824947755521,0.9389096634284968,0.7027299181133344,0.3530540905120153,0.7117415381407141,0.4564819932804281,0.8657827344599205,0.7117415381407141
5511,Accounting Clerks,0.6785725289092822,0.8603398261032201,0.7934647635761517,0.7300839011778302,0.9520083936228306,0.7038446543532819,0.3375798942496981,0.6841221502068286,0.43875208895886203,0.8603398261032201,0.6841221502068286
5512,Bookkeepers,0.6815789194630687,0.8368885611813577,0.7952449766007771,0.7468629638410312,0.9457295715746428,0.722467487119102,0.36151325816133856,0.7073636276882951,0.43080750111038385,0.8368885611813577,0.7073636276882951
5513,Payroll Clerks,0.6652645765164298,0.8457501882620864,0.7994624020613887,0.752533703700768,0.971211181290767,0.7367468362584497,0.33777297351487523,0.6715063916950177,0.41778927586615194,0.8457501882620864,0.6715063916950177
5521,Bank Workers,0.6837442643177657,0.7587629966678585,0.8067214277636124,0.7475361581764175,0.9216357497770619,0.7203953487197212,0.37537093670082905,0.7765312237274546,0.528915389875063,0.7587629966678585,0.7765312237274546
5522,Credit and Loans Officers,0.6982321290730633,0.8675181691000023,0.8284097686670959,0.7525827199354935,0.9428106143464929,0.7152968067971708,0.3762606520225933,0.7302910637161855,0.48069230162878857,0.8675181691000023,0.7302910637161855
5523,"Insurance, Money Market and Statistical Clerks",0.6312086860995512,0.7924131121686908,0.7570269533665527,0.643957760096261,0.8897298028470064,0.6829373176030952,0.34309444416801355,0.6986696729106047,0.469834737137283,0.7924131121686908,0.6986696729106047
5612,Couriers and Postal Deliverers,0.734508605879714,0.860744386882691,0.8147122290846899,0.7607255404404398,0.9049393847198103,0.6933253476203072,0.371990709889854,0.756954534035889,0.48420804478578533,0.860744386882691,0.756954534035889
5613,Filing and Registry Clerks,0.6393072606934539,0.8395321624578442,0.8807414535697478,0.693073329917419,0.9370290777487484,0.6742261108844171,0.3219820218508525,0.6560900714594469,0.4077605031424821,0.8395321624578442,0.6560900714594469
5614,Mail Sorters,0.6435242805697631,0.7417392156614896,0.8028656280978869,0.7311636858301315,0.8712660809575371,0.505696753108944,0.3340155416227745,0.6586902464996167,0.37518866907002024,0.7417392156614896,0.6586902464996167
5615,Survey Interviewers,0.7843475355680646,0.9102794005531119,0.8104805722685079,0.6532218156141661,0.8719738327131115,0.6763814420208615,0.3964898858123711,0.7554514054499771,0.4815810494243792,0.9102794005531119,0.7554514054499771
5616,Switchboard Operators,0.4195805606953734,0.5014668114946481,0.48995265471789456,NA,NA,NA,0.36298803376897953,0.7123374475427415,0.46624641661270294,0.5014668114946481,0.7123374475427415
5619,Other Clerical and Office Support Workers,0.5415368115363052,0.6867062786047818,0.6114966431183357,0.7221877805885623,0.949791892479633,0.666486615772754,0.3734905527536724,0.7340830629513911,0.4668389424551883,0.6867062786047818,0.7340830629513911
5911,Purchasing and Supply Logistics Clerks,0.7011475625733614,0.8901080306506767,0.8247522081603708,0.7429997426529483,0.9353093764104835,0.7057798371175371,0.35010961374693034,0.724965804618851,0.46207252255383624,0.8901080306506767,0.724965804618851
5912,Transport and Despatch Clerks,0.6700314294364628,0.8490536592726996,0.7946773748487423,0.7313318030408203,0.9463414227226798,0.6970865430318137,0.33651635982282113,0.7082611920568729,0.4610387777430144,0.8490536592726996,0.7082611920568729
5991,Conveyancers and Legal Executives,0.7098854554642124,0.8670216892135402,0.7884552757125718,0.7125709128273193,0.8984917737425466,0.6497657778453104,0.3845966282786063,0.7641025213992992,0.5163317762718863,0.8670216892135402,0.7641025213992992
5992,Court and Legal Clerks,0.6886307376297698,0.8151834031406653,0.7936410596563476,0.6833683583211821,0.9109411743432697,0.6991065885364851,0.37629550982148013,0.7233058175683962,0.4874446058980761,0.8151834031406653,0.7233058175683962
5993,Debt Collectors,0.6242979485981904,0.7640883662325253,0.6735565274485081,0.6958804330889626,0.9608031097093237,0.6651832302099697,0.38242960259015274,0.7029894839810675,0.42862552239311447,0.7640883662325253,0.7029894839810675
5994,Human Resource Clerks,0.6104352836812142,0.8504054038616751,0.767026177138755,0.6858560037193853,0.90499525873549,0.6228002792775669,0.354009559005573,0.7193807031985987,0.46930420690675406,0.8504054038616751,0.7193807031985987
5995,Inspectors and Regulatory Officers,0.6911310565795504,0.8692241691977258,0.7967613525941049,0.7442835868510916,0.9538686862080916,0.738137639261613,0.3774031351249183,0.7332865034170409,0.47459363986010217,0.8692241691977258,0.7332865034170409
5996,"Insurance Investigators, Loss Adjusters and Risk Surveyors",0.6993024689693826,0.9001147803375623,0.7954904844224804,0.6820249371671941,0.9195110882540825,0.6783649519439136,0.3877254826587555,0.7001285606349391,0.4601483208276233,0.9001147803375623,0.7001285606349391
5997,Library Assistants,0.6395211897622174,0.7498230376087501,0.6830417381038715,0.6573162931041081,0.9045334441863929,0.7116444789845608,0.36136923235316304,0.6998109543699121,0.4501096133152571,0.7498230376087501,0.6998109543699121
5999,Other Miscellaneous Clerical and Administrative Workers,0.6718565112378205,0.8131690253432944,0.747791350231985,0.7513070606869431,0.9556931523056269,0.7265222572115589,0.35884878666638914,0.7297094652315677,0.47513247356435856,0.8131690253432944,0.7297094652315677
6112,Insurance Agents,0.715158360348476,0.9036611905478814,0.8152805232764194,0.6841390431129734,0.8935050177109728,0.6801768584764812,0.3813557540932003,0.7148790957051891,0.45281449631113313,0.9036611905478814,0.7148790957051891
6113,Sales Representatives,0.6875110366166086,0.8439255499649456,0.7670915416394134,0.722820455961979,0.9349302513938855,0.685282029308723,0.38706567819265003,0.7280060092143503,0.44878152410016575,0.8439255499649456,0.7280060092143503
6121,Real Estate Sales Agents,0.6355434138122136,0.8415330730707408,0.6619032254125927,0.6615561444336714,0.9009363048804067,0.6238276877557971,0.3851271672939797,0.7626680845170744,0.4955047056114738,0.8415330730707408,0.7626680845170744
6211,Sales Assistants (General),0.7436723677801949,0.8572135799309957,0.8606098256140464,0.8145410061086172,0.937236841001081,0.7679243924113435,0.37043808314004717,0.7442885872829056,0.4708313762485121,0.8572135799309957,0.7442885872829056
6212,ICT Sales Assistants,0.6660150263391532,0.8407003256848525,0.7023794017422219,0.6662741778609514,0.8719075346648774,0.7061942681885985,0.37794013009339567,0.770400387773969,0.5119230081839452,0.8407003256848525,0.770400387773969
6213,Motor Vehicle and Vehicle Parts Salespersons,0.6541051828845449,0.8343542262909491,0.7257809577569333,0.6639271969880657,0.9118945090901317,0.6371480051820159,0.3979479407794626,0.7823853781366868,0.503869293119925,0.8343542262909491,0.7823853781366868
6214,Pharmacy Sales Assistants,0.7805527191856525,0.9248927454953967,0.8678356924858581,0.7972835073387237,0.9161661031001261,0.7235717074483141,0.39536773463501984,0.7573602957403734,0.48524719887218554,0.9248927454953967,0.7573602957403734
6215,Retail Supervisors,0.6975298606687828,0.8673900685647059,0.7567835820210435,0.6918608183470288,0.9093177117233741,0.706016112946002,0.36668822820541136,0.7353502966568769,0.4477309110336488,0.8673900685647059,0.7353502966568769
6216,Service Station Attendants,0.709399925986032,0.7743679204988999,0.7532990662422757,0.744743338315633,0.8591066396718305,0.7199808267413317,0.36207213419553064,0.6943104394540051,0.43719434086117653,0.7743679204988999,0.6943104394540051
6217,Street Vendors and Related Salespersons,0.6692733359969901,0.7855194701272631,0.7059708193927907,0.7154104194622861,0.8764026667775764,0.6215253054713544,0.4199220881070674,0.7903032739659827,0.4999777940458036,0.7855194701272631,0.7903032739659827
6219,Other Sales Assistants and Salespersons,0.7190544228846443,0.8839946141365452,0.82316334271683,0.7651093309715621,0.8692562739918239,0.6762269722549287,0.3744716848531933,0.7385438977048273,0.4546884264810077,0.8839946141365452,0.7385438977048273
6311,Checkout Operators and Office Cashiers,0.7492995874658219,0.8597419275119623,0.9081951498101934,0.8069286421822751,0.87626301970265,0.8040296590296051,0.37145118333507654,0.7461664819892129,0.46590229377873366,0.8597419275119623,0.7461664819892129
6391,Models and Sales Demonstrators,0.7293206303289568,0.8332900652125877,0.8181851955065368,0.7551237685203335,0.9111818292554877,0.71327385701017,0.39081593481169336,0.7568125472273793,0.48611327887872124,0.8332900652125877,0.7568125472273793
6392,Retail and Wool Buyers,0.6808354639756617,0.7938688889617063,0.6937884740807191,0.6807815810681066,0.9052075555748118,0.6544811153932193,0.376430411663087,0.7038721525018334,0.4432173554336868,0.7938688889617063,0.7038721525018334
6393,Telemarketers,0.7099428860296442,0.8384857060109203,0.7964512348381922,0.7610844680413319,0.9371637660065167,0.696747857527813,0.39749212053173605,0.7668683862582524,0.5018719079123753,0.8384857060109203,0.7668683862582524
6394,Ticket Salespersons,0.6576551716350187,0.7050580278512862,0.6933541821130053,0.6055401385749529,0.8797309030285305,0.6688494396490929,0.36296738799395567,0.7371998497948856,0.4895767259524021,0.7050580278512862,0.7371998497948856
6395,Visual Merchandisers,0.5633227768562086,0.5777719527765794,0.5629761325931472,0.7407039886292286,0.9611284730413161,0.7441949627103571,0.3667771202770655,0.7068580449235475,0.4369707531719886,0.5777719527765794,0.7068580449235475
6399,Other Sales Support Workers,0.7658549720601029,0.7946593749002352,0.6588523219583247,0.47182163217422407,0.790004914234755,0.5154857394141784,0.4186208330479188,0.7512523877653713,0.44672015414935257,0.7946593749002352,0.7512523877653713
7112,Industrial Spraypainters,0.685461401299164,0.8618303577349115,0.7646946607402834,0.6878238275009527,0.9025997356912601,0.6750736962505718,0.37153506820982374,0.755424535907126,0.4830049504789354,0.8618303577349115,0.755424535907126
7113,Paper and Wood Processing Machine Operators,0.49689023565006096,0.4532192420210702,0.6499418275290344,0.6743198484020899,0.8867207028869354,0.6220117296345039,0.377858703008171,0.72985137574346,0.46023339780898886,0.4532192420210702,0.72985137574346
7115,Plastics and Rubber Production Machine Operators,0.6298454032385113,0.6897187123243528,0.5950071887611751,0.6331687299569388,0.8616039693942703,0.6429802672732168,0.4021611141864348,0.7870248546329959,0.47473550123473485,0.6897187123243528,0.7870248546329959
7116,Sewing Machinists,0.6017732537199169,0.7519046091079556,0.7072565422160685,0.6930266099023418,0.9079652272347489,0.6497026453346771,0.4015423791974024,0.775159740978996,0.4775397266546865,0.7519046091079556,0.775159740978996
7117,Textile and Footwear Production Machine Operators,0.6126677863083684,0.5392180878820227,0.7269609783618849,0.27531596742605213,0.7113901508089054,0.32370573388296636,0.3797189363508299,0.7251966908509505,0.40998911816113964,0.5392180878820227,0.7251966908509505
7119,Other Machine Operators,0.6838035705158073,0.834591136821539,0.810435531556168,0.7396454578067523,0.9086774628119305,0.6657576965927564,0.3618055000582286,0.7383312726558493,0.4771777189643737,0.834591136821539,0.7383312726558493
7121,"Crane, Hoist and Lift Operators",0.7062496717089598,0.8198910981883881,0.8196803817646352,0.7335596672979882,0.899900491732201,0.6734075783613602,0.36274806009588173,0.7225647404085765,0.46503320211054555,0.8198910981883881,0.7225647404085765
7122,"Drillers, Miners and Shot Firers",0.6976874815064513,0.8724888536690424,0.8749320217038689,0.7342245661590404,0.894792606367354,0.6767077975621676,0.3271054421939025,0.6907398518321952,0.4258497193235394,0.8724888536690424,0.6907398518321952
7123,Engineering Production Workers,0.675807998363349,0.9433392666239588,0.8056219085270493,0.687689651215526,0.9058463076973352,0.6600974397365308,0.34632134698321165,0.7183516286980615,0.4619456982190401,0.9433392666239588,0.7183516286980615
7129,Other Stationary Plant Operators,0.7167318594220248,0.8923004244006384,0.8176659416631531,0.7020589883413237,0.9145445074145919,0.6914621935776535,0.3588681166344749,0.7169130543145413,0.46069832885712214,0.8923004244006384,0.7169130543145413
7211,"Agricultural, Forestry and Horticultural Plant Operators",0.5177038994953174,0.7563437393080031,0.6688892268546458,0.6551393593053284,0.9080670400636044,0.6317355136617125,0.37604732782437217,0.7140982012586728,0.42959641466538095,0.7563437393080031,0.7140982012586728
7212,Earthmoving Plant Operators,0.7222260138404193,0.9616730151753733,0.8720823443096641,0.7341133927534602,0.8961104910292499,0.6398049956305968,0.3669499155855708,0.7289494228237242,0.454464164080841,0.9616730151753733,0.7289494228237242
7213,Forklift Drivers,0.7459772826243871,0.8353520586985833,0.8693120863676562,0.8339297993138737,0.9317290482876214,0.7695914497745964,0.3383540483504688,0.7086063989305453,0.45761161991609695,0.8353520586985833,0.7086063989305453
7219,Other Mobile Plant Operators,0.7118952265629083,0.8941810084896537,0.8526487784042388,0.7776053135096146,0.9486105841459471,0.7222865151039001,0.3527971775615238,0.7041786870043405,0.43188909635528994,0.8941810084896537,0.7041786870043405
7311,Automobile Drivers,0.627609536349504,0.7542845354921512,0.7915771931878406,0.7961206587576031,0.9189718653532424,0.6219548854923687,0.39456844657588774,0.7432424318074534,0.4380713183181176,0.7542845354921512,0.7432424318074534
7312,Bus and Coach Drivers,0.6537483902289719,0.7980148669108796,0.7655663015921716,0.7279858091977687,0.9274534340669669,0.700642422952415,0.37160500298093196,0.7216834933362986,0.4702759876243652,0.7980148669108796,0.7216834933362986
7313,Train and Tram Drivers,0.6551857329366291,0.6950694045999463,0.6360554669438075,0.6802955230764873,0.7882210994501039,0.54964632641179,0.393960932166956,0.7462428228809131,0.44781589793069115,0.6950694045999463,0.7462428228809131
7321,Delivery Drivers,0.6802666236433805,0.8737256988818058,0.857156978760175,0.785947062979418,0.9271543225759401,0.6949947835051151,0.3687329878534163,0.7312097576834897,0.4494339263856402,0.8737256988818058,0.7312097576834897
7331,Truck Drivers,0.720784832166464,0.9058048970250127,0.8768486375793028,0.7825723281388343,0.9027462301836594,0.6896821533997503,0.36354706423383215,0.735553943114302,0.4552209897773599,0.9058048970250127,0.735553943114302
7411,Storepersons,0.686016788761086,0.8697825887897591,0.8381428615329642,0.7640378196510457,0.9331192543755136,0.701004334235021,0.35061790662543607,0.7149846486631046,0.4481828671283375,0.8697825887897591,0.7149846486631046
8111,Car Detailers,0.6447963531413407,0.8021796809345237,0.7342618511064839,0.6892678221823537,0.9143362438457342,0.6458023834341693,0.37299013461097263,0.7361260656937115,0.4638422421952179,0.8021796809345237,0.7361260656937115
8112,Commercial Cleaners,0.6613778605553351,0.8357372228423501,0.8226129726363389,0.7756327756426765,0.934507313635985,0.7182326513183883,0.3818623021996705,0.7364708894361559,0.4454259200095765,0.8357372228423501,0.7364708894361559
8113,Domestic Cleaners,0.5582849185845881,0.7077385814803637,0.7581449523757966,0.6044059901707901,0.8135026693438219,0.671988074918361,0.39349746596952784,0.7498439028299324,0.46163212620780714,0.7077385814803637,0.7498439028299324
8114,Housekeepers,0.6935932449021095,0.8236219128945543,0.824125733367296,0.8052791250860681,0.9254718351187844,0.7451106009011056,0.3779468131922179,0.7366205338288557,0.4478519859934059,0.8236219128945543,0.7366205338288557
8115,Laundry Workers,0.6677527291474683,0.8688975979852265,0.8284067813950889,0.7524878114757303,0.9101539736721997,0.652363648335906,0.373263117302275,0.7267689317866999,0.44626422991919285,0.8688975979852265,0.7267689317866999
8116,Other Cleaners,0.7220868034800889,0.9494966891175117,0.8478692140498978,0.6827007511040178,0.8827885585777948,0.6879026530609288,0.3782523505984538,0.7486923036824488,0.46950409775413154,0.9494966891175117,0.7486923036824488
8211,Building and Plumbing Labourers,0.711034153959392,0.9182263216639951,0.8877605574158285,0.7702144806946156,0.9191405270192717,0.6812079552998416,0.3612105185947726,0.7259208373895819,0.47160401946838876,0.9182263216639951,0.7259208373895819
8212,Concreters,0.6972534407096135,0.8198932172334022,0.8078962311560678,0.7686587062306768,0.9061841176687596,0.6918884302544153,0.37298425410430514,0.7686186561332009,0.49974152499300817,0.8198932172334022,0.7686186561332009
8213,Fencers,0.6734947608081909,0.8097944569812594,0.7690086484211347,0.7155645423941067,0.902740606360198,0.6628856959802426,0.4224189917856979,0.797112459787497,0.4706735203736732,0.8097944569812594,0.797112459787497
8214,Insulation and Home Improvement Installers,0.718172787866635,0.7779635617178616,0.8665153301395709,0.7989768014220193,0.8826509497761021,0.6729207983687292,0.5182201021106169,1,0.6412942254248708,0.7779635617178616,1
8215,Paving and Surfacing Labourers,0.5760185532771723,0.6603997679773081,0.6435484862517092,0.6503014411849662,0.826088723725224,0.6298722387372319,0.3847748594426282,0.7556808757443466,0.44580197582734393,0.6603997679773081,0.7556808757443466
8216,Railway Track Workers,0.5497961952119561,0.7080426372467421,0.6678482438628212,0.555747859189573,0.7396583349128164,0.515801467862713,0.3700082601268687,0.674389871537018,0.37683501869277697,0.7080426372467421,0.674389871537018
8217,Structural Steel Construction Workers,0.7461374326750789,0.9331440588184363,0.9054964975379498,0.7311506537882253,0.8344212978520988,0.6198986730589463,0.370830795700089,0.7397254531132696,0.48059855892818615,0.9331440588184363,0.7397254531132696
8219,Other Construction and Mining Labourers,0.6474606348371121,0.8360355803574502,0.8741614239515832,0.6766395215992894,0.8563008115610728,0.6117910316288715,0.37740581158230824,0.7677752764006059,0.5265667905367698,0.8360355803574502,0.7677752764006059
8311,Food and Drink Factory Workers,0.6778827860297022,0.8384764452972893,0.8233361492384796,0.7505781269101789,0.9023774384411503,0.7464176084114197,0.3708562580342186,0.7104720075266854,0.4072883127256823,0.8384764452972893,0.7104720075266854
8312,"Meat Boners and Slicers, and Slaughterers",0.6465040796594718,0.7572915593487556,0.7699360577760536,0.7590780287973182,0.9312748935080268,0.7468367062977798,0.3824506497167656,0.7323775465813193,0.4439116104748386,0.7572915593487556,0.7323775465813193
8313,"Meat, Poultry and Seafood Process Workers",0.6215141237399241,0.7500833260759383,0.729774489084288,0.7603206867926832,0.950750796027635,0.7351152716415986,0.3735659163248462,0.7371833518479161,0.43790168461743745,0.7500833260759383,0.7371833518479161
8321,Packers,0.7666585654159549,0.8334347581794866,0.9046888549800309,0.8920929879933717,0.9280670314996614,0.8117698748028975,0.36353080141784583,0.7193452134896257,0.41425449606744624,0.8334347581794866,0.7193452134896257
8322,Product Assemblers,0.7105153381453545,0.8348129133563855,0.8611095553734447,0.7941844832926213,0.9381936856466957,0.7255806619730998,0.3551632287817967,0.74585138855723,0.47861669879215996,0.8348129133563855,0.74585138855723
8393,Product Quality Controllers,0.6679730877152404,0.8269871643772135,0.7854832368175265,0.7141672851144356,0.9408828561741716,0.6980144483211156,0.3588447342766854,0.7163340903217232,0.47629646501420625,0.8269871643772135,0.7163340903217232
8394,Timber and Wood Process Workers,0.6358003605129827,0.6922345246185351,0.6571405629378599,0.6017109326683308,0.8416880876895099,0.5791925412576301,0.3683824157200136,0.667525205210762,0.4137267543715537,0.6922345246185351,0.667525205210762
8399,Other Factory Process Workers,0.7106690199073328,0.8601134158469096,0.8665590848258375,0.8078731584479681,0.906930085555963,0.7205965183410395,0.3599700629311085,0.7254624224714432,0.444056361449785,0.8601134158469096,0.7254624224714432
8412,Crop Farm Workers,0.41062513041000037,0.5636647673978368,0.5166541938363497,0.6227070404279416,0.9045803993221799,0.5641372574918241,0.3981935529640078,0.7519274295802163,0.43849775070068936,0.5636647673978368,0.7519274295802163
8413,Forestry and Logging Workers,0.4972644769821516,0.7626994766028974,0.7028833561323659,0.7136410784088661,0.8886816878471203,0.6045789143966284,0.413878459529611,0.7344893691034879,0.4787173070333918,0.7626994766028974,0.7344893691034879
8414,Garden and Nursery Labourers,0.639393386007422,0.7891255383057207,0.7579523445930809,0.7653003616529903,0.9244926941671329,0.6818811262968082,0.3676711933218658,0.7474408779878084,0.45083970028211456,0.7891255383057207,0.7474408779878084
8415,Livestock Farm Workers,0.5952809236824594,0.7729212692196455,0.7767507763307737,0.6348025914088136,0.8725683268280106,0.5833202431425016,0.36517927849549653,0.7098781386526991,0.4245815840090807,0.7729212692196455,0.7098781386526991
8416,Mixed Crop and Livestock Farm Workers,0.5732457479360262,0.8178158955535575,0.7206382063435269,0.7017468527360603,0.9113973989189778,0.6199885589482373,0.3889455681146793,0.7520521446955707,0.45009478174157835,0.8178158955535575,0.7520521446955707
8419,"Other Farm, Forestry and Garden Workers",0.6154476237757466,0.8599896020784842,0.7242503084363943,0.6753883874914637,0.8969889679382165,0.651419013723627,0.38362210821437465,0.7631296717700715,0.464243599313122,0.8599896020784842,0.7631296717700715
8511,Fast Food Cooks,0.6219361081114707,0.7765399772222173,0.7966267743525249,0.8231697490519159,0.9388350394485805,0.7313677242295153,0.3776260060474908,0.719942409957949,0.41660126346367476,0.7765399772222173,0.719942409957949
8512,Food Trades Assistants,0.6714812264263693,0.7618011353644091,0.7271515288355247,0.7761058781028517,0.8970192589381711,0.7347496400845382,0.37535140752568485,0.7300210012720177,0.4404760960361961,0.7618011353644091,0.7300210012720177
8513,Kitchenhands,0.6839657406528112,0.8571149360824102,0.8775137210373116,0.8136006380673055,0.9316969325354303,0.7306885739088697,0.3731120720159682,0.7173247412986649,0.44083497115840187,0.8571149360824102,0.7173247412986649
8911,Freight and Furniture Handlers,0.6964503674128576,0.8501563745074178,0.8331856824026344,0.74173871219528,0.8782939963778444,0.7013383625069166,0.3561898308161222,0.7354983574883418,0.44567494850314093,0.8501563745074178,0.7354983574883418
8912,Shelf Fillers,0.579291636335516,0.6194320758894863,0.8612379496689586,0.7423105842650278,0.8991379594149578,0.6846883734433016,0.35588708564250404,0.7477022410391612,0.38242675311366087,0.6194320758894863,0.7477022410391612
8991,Caretakers,0.6192324987640077,0.8006312597092992,0.7353367486163266,0.7399233196809656,0.9376974415382737,0.7226252475293398,0.3771489737428783,0.7430987167386611,0.4680670372468352,0.8006312597092992,0.7430987167386611
8992,Deck and Fishing Hands,0.687327575434661,0.7780968876970799,0.6513032447085007,0.6090102752812517,0.8994843341876996,0.6474650247065354,0.40902864876233197,0.7703856697681905,0.4782548633541844,0.7780968876970799,0.7703856697681905
8993,Handypersons,0.676728591098413,0.9068458387984347,0.8251720393888008,0.7145751694924085,0.9114785318973899,0.6606155477452984,0.3722568272812909,0.7373727403741931,0.46298878323013365,0.9068458387984347,0.7373727403741931
8994,Motor Vehicle Parts and Accessories Fitters,0.6270834830689634,0.829661156803558,0.7660083435704267,0.7229690187964717,0.9486679806398557,0.6918972056962444,0.36845652258953226,0.7263320002447209,0.45546711461863526,0.829661156803558,0.7263320002447209
8995,Printing Assistants and Table Workers,0.6667291683156993,0.8484188188162028,0.774719446817248,0.7316942787318913,0.8750755932580243,0.6241616820518163,0.36062727591897575,0.7325453495564859,0.4708702090775478,0.8484188188162028,0.7325453495564859
8996,Recycling and Rubbish Collectors,0.4037495530796636,0.5677690068043373,0.5904326316835116,0.13938406716675397,0.5320573758471523,0.381560603906773,0.38217837053501397,0.8498411606138289,0.420365310190602,0.5677690068043373,0.8498411606138289
8999,Other Miscellaneous Labourers,0.6968954752812314,0.8984908335224296,0.8774701067907008,0.7663348532058691,0.9065320007527099,0.680857985931068,NA,NA,NA,0.8984908335224296,NA
1412,Caravan Park and Camping Ground Managers,NA,NA,NA,0.42864115259272967,0.6521328331340371,0.48870272295022466,0.423087174625125,0.8368117749170888,0.554164888226303,NA,0.8368117749170888
2711,Barristers,NA,NA,NA,0.704817557814291,0.9284140832270219,0.643007479540182,0.3307092700210521,0.7152228366624076,0.4180530354894305,NA,0.7152228366624076
3612,Shearers,NA,NA,NA,0.28702441611930757,0,0,0.3798846585187023,0.755216599924537,0.4048672031973042,NA,0.755216599924537
4413,Police,NA,NA,NA,0,0.3219915488354773,0.20034247348853898,0.26460446629084533,0.5913719748434407,0.3286384513313709,NA,0.5913719748434407
8391,Metal Engineering Process Workers,NA,NA,NA,0.33234958687842225,0.5775626646956764,0.29882310996282846,0.36909018491525564,0.6911567231778678,0.45859624469360427,NA,0.6911567231778678
1212,Crop Farmers,NA,NA,NA,NA,NA,NA,0.40264639946045444,0.7588632009891227,0.5229492246535936,NA,0.7588632009891227
2112,Music Professionals,NA,NA,NA,NA,NA,NA,0.3806357035627445,0.7412320992555551,0.48052392756510354,NA,0.7412320992555551
2114,Visual Arts and Crafts Professionals,NA,NA,NA,NA,NA,NA,0.043364248079669127,0,0.004144688204629378,NA,0
2521,Chiropractors and Osteopaths,NA,NA,NA,NA,NA,NA,0.2488924250250657,0.7064530805670498,0.4710467323889043,NA,0.7064530805670498
3931,Canvas and Leather Goods Makers,NA,NA,NA,NA,NA,NA,0.4434963469758538,0.7780778904387685,0.4866470948930409,NA,0.7780778904387685
4515,Personal Care Consultants,NA,NA,NA,NA,NA,NA,0.5888073644050945,0.8135491106066244,0.622055368278216,NA,0.8135491106066244
4522,Outdoor Adventure Guides,NA,NA,NA,NA,NA,NA,0,0.5280432914501915,0,NA,0.5280432914501915
5611,Betting Clerks,NA,NA,NA,NA,NA,NA,0.33407932639007226,0.6573136797718684,0.3928670653517905,NA,0.6573136797718684
7111,"Clay, Concrete, Glass and Stone Processing Machine Operators",NA,NA,NA,NA,NA,NA,1,0.9361025265860499,1,NA,0.9361025265860499
7114,Photographic Developers and Printers,NA,NA,NA,NA,NA,NA,0.3767054265379563,0.6945496520731934,0.4359418274523512,NA,0.6945496520731934
8997,Vending Machine Attendants,NA,NA,NA,NA,NA,NA,0.32332273230034525,0.7722577847519018,0.42547922198853105,NA,0.7722577847519018
